ds,trend,yhat_lower,yhat_upper,trend_lower,trend_upper,additive_terms,additive_terms_lower,additive_terms_upper,extra_regressors_additive,extra_regressors_additive_lower,extra_regressors_additive_upper,rent_lag1,rent_lag1_lower,rent_lag1_upper,rent_lag3,rent_lag3_lower,rent_lag3_upper,unemployment_rate,unemployment_rate_lower,unemployment_rate_upper,yearly,yearly_lower,yearly_upper,zorf_growth_pct,zorf_growth_pct_lower,zorf_growth_pct_upper,multiplicative_terms,multiplicative_terms_lower,multiplicative_terms_upper,yhat
2015-01-31,1249.1318859808166,1922.0151715461432,2385.222180190754,1249.1318859808166,1249.1318859808166,899.6978424986211,899.6978424986211,899.6978424986211,1065.1844624620935,1065.1844624620935,1065.1844624620935,-550.6600753414293,-550.6600753414293,-550.6600753414293,1782.8549868740465,1782.8549868740465,1782.8549868740465,-167.01044907052375,-167.01044907052375,-167.01044907052375,-165.48661996347244,-165.48661996347244,-165.48661996347244,0.0,0.0,0.0,0.0,0.0,0.0,2148.8297284794376
2015-02-28,1258.522960038961,1930.300358470416,2355.201120957402,1258.522960038961,1258.522960038961,889.3193540962204,889.3193540962204,889.3193540962204,1061.5252447374787,1061.5252447374787,1061.5252447374787,-554.319293066044,-554.319293066044,-554.319293066044,1782.8549868740465,1782.8549868740465,1782.8549868740465,-167.01044907052375,-167.01044907052375,-167.01044907052375,-172.20589064125846,-172.20589064125846,-172.20589064125846,0.0,0.0,0.0,0.0,0.0,0.0,2147.8423141351814
2015-03-31,1268.920220603335,930.2424700491322,1380.8400154583096,1268.920220603335,1268.920220603335,-95.49979768824981,-95.49979768824981,-95.49979768824981,28.660528581196623,28.660528581196623,28.660528581196623,-558.0028268341775,-558.0028268341775,-558.0028268341775,753.673804485898,753.673804485898,753.673804485898,-167.01044907052375,-167.01044907052375,-167.01044907052375,-124.16032626944643,-124.16032626944643,-124.16032626944643,0.0,0.0,0.0,0.0,0.0,0.0,1173.4204229150853
2015-04-30,1278.9820856656327,1213.2162030888283,1697.3722235326838,1278.9820856656327,1278.9820856656327,180.6922409286746,180.6922409286746,180.6922409286746,29.96079119633502,29.96079119633502,29.96079119633502,-561.7108382295394,-561.7108382295394,-561.7108382295394,758.6820784963982,758.6820784963982,758.6820784963982,-167.01044907052375,-167.01044907052375,-167.01044907052375,150.7314497323396,150.7314497323396,150.7314497323396,0.0,0.0,0.0,0.0,0.0,0.0,1459.6743265943073
2015-05-31,1289.3793462300068,1267.9499875335534,1709.4074367912258,1289.3793462300068,1289.3793462300068,199.76230246736168,199.76230246736168,199.76230246736168,31.269694249052208,31.269694249052208,31.269694249052208,-565.4434899095858,-565.4434899095858,-565.4434899095858,763.7236332291618,763.7236332291618,763.7236332291618,-167.01044907052375,-167.01044907052375,-167.01044907052375,168.49260821830947,168.49260821830947,168.49260821830947,0.0,0.0,0.0,0.0,0.0,0.0,1489.1416486973685
2015-06-30,1299.2997101620974,1138.0676826731262,1597.7761078871197,1299.2997101620974,1299.2997101620974,61.76850703787049,61.76850703787049,61.76850703787049,32.587295156334825,32.587295156334825,32.587295156334825,-569.2009456126568,-569.2009456126568,-569.2009456126568,768.7986898395153,768.7986898395153,768.7986898395153,-167.01044907052375,-167.01044907052375,-167.01044907052375,29.181211881535667,29.181211881535667,29.181211881535667,0.0,0.0,0.0,0.0,0.0,0.0,1361.0682171999679
2015-07-31,1309.5507528919245,1143.2427046053758,1604.1564750254984,1309.5507528919245,1309.5507528919245,60.04611641812823,60.04611641812823,60.04611641812823,33.91365171671415,33.91365171671415,33.91365171671415,-572.9833701651575,-572.9833701651575,-572.9833701651575,773.9074709523953,773.9074709523953,773.9074709523953,-167.01044907052375,-167.01044907052375,-167.01044907052375,26.13246470141408,26.13246470141408,26.13246470141408,0.0,0.0,0.0,0.0,0.0,0.0,1369.5968693100526
2015-08-31,1319.8017956217516,1102.7006790718838,1547.4176361063123,1319.8017956217516,1319.8017956217516,1.1977631063781908,1.1977631063781908,1.1977631063781908,35.248822112801115,35.248822112801115,35.248822112801115,-576.7909294887887,-576.7909294887887,-576.7909294887887,779.0502006721136,779.0502006721136,779.0502006721136,-167.01044907052375,-167.01044907052375,-167.01044907052375,-34.051059006422925,-34.051059006422925,-34.051059006422925,0.0,0.0,0.0,0.0,0.0,0.0,1320.9995587281298
2015-09-30,1329.722159553842,1184.174617998736,1646.8736025524406,1329.722159553842,1329.722159553842,82.23023378998926,82.23023378998926,82.23023378998926,36.592864913839115,36.592864913839115,36.592864913839115,-580.6237906078262,-580.6237906078262,-580.6237906078262,784.227104592189,784.227104592189,784.227104592189,-167.01044907052375,-167.01044907052375,-167.01044907052375,45.63736887615014,45.63736887615014,45.63736887615014,0.0,0.0,0.0,0.0,0.0,0.0,1411.9523933438313
2015-10-31,1339.8777028252398,1207.3366478646494,1658.7754544350535,1339.8777028252398,1339.8777028252398,88.40460516169037,88.40460516169037,88.40460516169037,37.945839078272236,37.945839078272236,37.945839078272236,-584.482121656446,-584.482121656446,-584.482121656446,789.438409805242,789.438409805242,789.438409805242,-167.01044907052375,-167.01044907052375,-167.01044907052375,50.45876608341813,50.45876608341813,50.45876608341813,0.0,0.0,0.0,0.0,0.0,0.0,1428.2823079869302
2015-11-30,1349.7056479265923,1177.5627574523871,1596.7327904742453,1349.7056479265923,1349.7056479265923,46.201859514756215,46.201859514756215,46.201859514756215,39.30780395633319,39.30780395633319,39.30780395633319,-588.3660918861009,-588.3660918861009,-588.3660918861009,794.6843449129578,794.6843449129578,794.6843449129578,-167.01044907052375,-167.01044907052375,-167.01044907052375,6.894055558423027,6.894055558423027,6.894055558423027,0.0,0.0,0.0,0.0,0.0,0.0,1395.9075074413486
2015-12-31,1359.8611911979897,1199.1066234702412,1661.6862636723445,1359.8611911979897,1359.8611911979897,57.028657190818414,57.028657190818414,57.028657190818414,40.67881929264436,40.67881929264436,40.67881929264436,-592.275871672945,-592.275871672945,-592.275871672945,799.9651400361131,799.9651400361131,799.9651400361131,-167.01044907052375,-167.01044907052375,-167.01044907052375,16.349837898174044,16.349837898174044,16.349837898174044,0.0,0.0,0.0,0.0,0.0,0.0,1416.889848388808
2016-01-31,1370.0167344693875,1010.4050316271544,1470.1527898871475,1370.0167344693875,1370.0167344693875,-124.03365954683073,-124.03365954683073,-124.03365954683073,42.05894522884096,42.05894522884096,42.05894522884096,-596.2116325253065,-596.2116325253065,-596.2116325253065,805.2810268246712,805.2810268246712,805.2810268246712,-167.01044907052375,-167.01044907052375,-167.01044907052375,-166.0926047756717,-166.0926047756717,-166.0926047756717,0.0,0.0,0.0,0.0,0.0,0.0,1245.9830749225569
2016-02-29,1379.4742990808486,1028.2380668593007,1486.3174659362546,1379.4742990808486,1379.4742990808486,-126.4228900952811,-126.4228900952811,-126.4228900952811,43.44824230620845,43.44824230620845,43.44824230620845,-600.1735470912124,-600.1735470912124,-600.1735470912124,810.6322384679446,810.6322384679446,810.6322384679446,-167.01044907052375,-167.01044907052375,-167.01044907052375,-169.87113240148955,-169.87113240148955,-169.87113240148955,0.0,0.0,0.0,0.0,0.0,0.0,1253.0514089855674
2016-03-31,1389.5841095275828,1063.9387500947423,1513.8715848426964,1389.5841095275828,1389.5841095275828,-85.09207992886311,-85.09207992886311,-85.09207992886311,44.84677146833724,44.84677146833724,44.84677146833724,-604.1617891659612,-604.1617891659612,-604.1617891659612,816.0190097048222,816.0190097048222,816.0190097048222,-167.01044907052375,-167.01044907052375,-167.01044907052375,-129.93885139720035,-129.93885139720035,-129.93885139720035,0.0,0.0,0.0,0.0,0.0,0.0,1304.4920295987197
2016-04-30,1399.3677970566805,1362.5107070820777,1831.091412708433,1399.3677970566805,1399.3677970566805,194.14751698137977,194.14751698137977,194.14751698137977,46.25459406379719,46.25459406379719,46.25459406379719,-608.1765336997469,-608.1765336997469,-608.1765336997469,821.4415768340679,821.4415768340679,821.4415768340679,-167.01044907052375,-167.01044907052375,-167.01044907052375,147.89292291758255,147.89292291758255,147.89292291758255,0.0,0.0,0.0,0.0,0.0,0.0,1593.5153140380603
2016-05-31,1409.4776075034147,1395.4920396940581,1885.717617045745,1409.4776075034147,1409.4776075034147,220.6315132348919,220.6315132348919,220.6315132348919,47.67177184882904,47.67177184882904,47.67177184882904,-612.2179568053334,-612.2179568053334,-612.2179568053334,826.9001777246862,826.9001777246862,826.9001777246862,-167.01044907052375,-167.01044907052375,-167.01044907052375,172.9597413860629,172.9597413860629,172.9597413860629,0.0,0.0,0.0,0.0,0.0,0.0,1630.1091207383065
2016-06-30,1419.261272367331,1275.8556622663014,1717.5891061757532,1419.261272367331,1419.261272367331,83.98301839172012,83.98301839172012,83.98301839172012,49.09836699005252,49.09836699005252,49.09836699005252,-616.2862357657799,-616.2862357657799,-616.2862357657799,832.3950518263562,832.3950518263562,832.3950518263562,-167.01044907052375,-167.01044907052375,-167.01044907052375,34.8846514016676,34.8846514016676,34.8846514016676,0.0,0.0,0.0,0.0,0.0,0.0,1503.2442907590512
2016-07-31,1429.3710593933781,1296.015799601627,1746.2137071775628,1429.3710593933781,1429.3710593933781,78.89537644104324,78.89537644104324,78.89537644104324,50.53444206719317,50.53444206719317,50.53444206719317,-620.3815490422181,-620.3815490422181,-620.3815490422181,837.9264401799351,837.9264401799351,837.9264401799351,-167.01044907052375,-167.01044907052375,-167.01044907052375,28.360934373850068,28.360934373850068,28.360934373850068,0.0,0.0,0.0,0.0,0.0,0.0,1508.2664358344214
2016-08-31,1439.4808464194252,1224.1539109068344,1689.7839280559854,1439.4808464194252,1439.4808464194252,15.173638289780028,15.173638289780028,15.173638289780028,51.9800600758293,51.9800600758293,51.9800600758293,-624.5040762816801,-624.5040762816801,-624.5040762816801,843.4945854280331,843.4945854280331,843.4945854280331,-167.01044907052375,-167.01044907052375,-167.01044907052375,-36.80642178604928,-36.80642178604928,-36.80642178604928,0.0,0.0,0.0,0.0,0.0,0.0,1454.6544847092052
2016-09-30,1449.2645112833416,1315.6999224629017,1754.9832096844784,1449.2645112833416,1449.2645112833416,94.09934207784048,94.09934207784048,94.09934207784048,53.435284430153445,53.435284430153445,53.435284430153445,-628.653998324979,-628.653998324979,-628.653998324979,849.0997318256561,849.0997318256561,849.0997318256561,-167.01044907052375,-167.01044907052375,-167.01044907052375,40.66405764768702,40.66405764768702,40.66405764768702,0.0,0.0,0.0,0.0,0.0,0.0,1543.363853361182
2016-10-31,1459.3742983093885,1335.3006599743555,1807.3136844807707,1459.3742983093885,1459.3742983093885,101.80071277120537,101.80071277120537,101.80071277120537,54.90017896575444,54.90017896575444,54.90017896575444,-632.8314972146422,-632.8314972146422,-632.8314972146422,854.7421252509204,854.7421252509204,854.7421252509204,-167.01044907052375,-167.01044907052375,-167.01044907052375,46.90053380545093,46.90053380545093,46.90053380545093,0.0,0.0,0.0,0.0,0.0,0.0,1561.1750110805938
2016-11-30,1469.2058355086888,1300.6395156686751,1750.370267061631,1469.2058355086888,1469.2058355086888,63.42210204577048,63.42210204577048,63.42210204577048,56.37480794241883,56.37480794241883,56.37480794241883,-637.0367562028964,-637.0367562028964,-637.0367562028964,860.422013215839,860.422013215839,860.422013215839,-167.01044907052375,-167.01044907052375,-167.01044907052375,7.047294103351639,7.047294103351639,7.047294103351639,0.0,0.0,0.0,0.0,0.0,0.0,1532.6279375544593
2016-12-31,1479.3650906146327,1313.130781912179,1790.5673804105495,1479.3650906146327,1479.3650906146327,77.56728014762368,77.56728014762368,77.56728014762368,57.85923604694899,57.85923604694899,57.85923604694899,-641.2699597597066,-641.2699597597066,-641.2699597597066,866.1396448771792,866.1396448771792,866.1396448771792,-167.01044907052375,-167.01044907052375,-167.01044907052375,19.708044100674684,19.708044100674684,19.708044100674684,0.0,0.0,0.0,0.0,0.0,0.0,1556.9323707622564
2017-01-31,1489.5243457205763,1160.5473125589635,1616.2746132643833,1489.5243457205763,1489.5243457205763,-104.77400807485581,-104.77400807485581,-104.77400807485581,59.353528395999774,59.353528395999774,59.353528395999774,-645.5312935808679,-645.5312935808679,-645.5312935808679,871.8952710473914,871.8952710473914,871.8952710473914,-167.01044907052375,-167.01044907052375,-167.01044907052375,-164.1275364708556,-164.1275364708556,-164.1275364708556,0.0,0.0,0.0,0.0,0.0,0.0,1384.7503376457205
2017-02-28,1498.7004471065902,1152.9848874999404,1622.472930839025,1498.7004471065902,1498.7004471065902,-109.8746145612447,-109.8746145612447,-109.8746145612447,60.85775053893641,60.85775053893641,60.85775053893641,-649.8209445961517,-649.8209445961517,-649.8209445961517,877.6891442056117,877.6891442056117,877.6891442056117,-167.01044907052375,-167.01044907052375,-167.01044907052375,-170.7323651001811,-170.7323651001811,-170.7323651001811,0.0,0.0,0.0,0.0,0.0,0.0,1388.8258325453455
2017-03-31,1508.9407660689244,1216.6644117097082,1690.3206081000708,1508.9407660689244,1508.9407660689244,-65.71771483381417,-65.71771483381417,-65.71771483381417,62.37196846070958,62.37196846070958,62.37196846070958,-654.1391009775049,-654.1391009775049,-654.1391009775049,883.5215185087382,883.5215185087382,883.5215185087382,-167.01044907052375,-167.01044907052375,-167.01044907052375,-128.08968329452375,-128.08968329452375,-128.08968329452375,0.0,0.0,0.0,0.0,0.0,0.0,1443.2230512351102
2017-04-30,1518.8507521615054,1502.9027764402401,1960.7757831230488,1518.8507521615054,1518.8507521615054,212.8630978009241,212.8630978009241,212.8630978009241,63.89624858474945,63.89624858474945,63.89624858474945,-658.4859521473056,-658.4859521473056,-658.4859521473056,889.3926498025787,889.3926498025787,889.3926498025787,-167.01044907052375,-167.01044907052375,-167.01044907052375,148.96684921617467,148.96684921617467,148.96684921617467,0.0,0.0,0.0,0.0,0.0,0.0,1731.7138499624295
2017-05-31,1529.0910711238394,1527.2131730482777,2001.9850709698474,1529.0910711238394,1529.0910711238394,237.01379130707514,237.01379130707514,237.01379130707514,65.43065777587978,65.43065777587978,65.43065777587978,-662.8616887866709,-662.8616887866709,-662.8616887866709,895.3027956330745,895.3027956330745,895.3027956330745,-167.01044907052375,-167.01044907052375,-167.01044907052375,171.58313353119536,171.58313353119536,171.58313353119536,0.0,0.0,0.0,0.0,0.0,0.0,1766.1048624309144
2017-06-30,1539.0010572164206,1411.7383817043365,1862.8793703346037,1539.0010572164206,1539.0010572164206,99.92457826679573,99.92457826679573,99.92457826679573,66.97526334325082,66.97526334325082,66.97526334325082,-667.266502843823,-667.266502843823,-667.266502843823,901.2522152575975,901.2522152575975,901.2522152575975,-167.01044907052375,-167.01044907052375,-167.01044907052375,32.94931492354492,32.94931492354492,32.94931492354492,0.0,0.0,0.0,0.0,0.0,0.0,1638.9256354832164
2017-07-31,1549.34608463624,1415.131079743481,1866.8126581682984,1549.34608463624,1549.34608463624,96.08671976038384,96.08671976038384,96.08671976038384,68.53013304329262,68.53013304329262,68.53013304329262,-671.7005875425072,-671.7005875425072,-671.7005875425072,907.2411696563236,907.2411696563236,907.2411696563236,-167.01044907052375,-167.01044907052375,-167.01044907052375,27.55658671709122,27.55658671709122,27.55658671709122,0.0,0.0,0.0,0.0,0.0,0.0,1645.4328043966239
2017-08-31,1559.6911120560587,1362.0912189340768,1828.492426169051,1559.6911120560587,1559.6911120560587,34.11736400184685,34.11736400184685,34.11736400184685,70.09533508268616,70.09533508268616,70.09533508268616,-676.1641373904704,-676.1641373904704,-676.1641373904704,913.2699215436803,913.2699215436803,913.2699215436803,-167.01044907052375,-167.01044907052375,-167.01044907052375,-35.97797108083931,-35.97797108083931,-35.97797108083931,0.0,0.0,0.0,0.0,0.0,0.0,1593.8084760579056
2017-09-30,1569.7024289139486,1458.1131883993407,1903.896461841799,1569.7024289139486,1569.7024289139486,114.00018399082867,114.00018399082867,114.00018399082867,71.67093812135589,71.67093812135589,71.67093812135589,-680.6573481879917,-680.6573481879917,-680.6573481879917,919.3387353798713,919.3387353798713,919.3387353798713,-167.01044907052375,-167.01044907052375,-167.01044907052375,42.329245869472786,42.329245869472786,42.329245869472786,0.0,0.0,0.0,0.0,0.0,0.0,1683.7026129047772
2017-10-31,1580.0474563337675,1455.949880447465,1918.4696751799247,1580.0474563337675,1580.0474563337675,121.39587450909913,121.39587450909913,121.39587450909913,73.25701127548213,73.25701127548213,73.25701127548213,-685.1804170364721,-685.1804170364721,-685.1804170364721,925.447877382478,925.447877382478,925.447877382478,-167.01044907052375,-167.01044907052375,-167.01044907052375,48.13886323361701,48.13886323361701,48.13886323361701,0.0,0.0,0.0,0.0,0.0,0.0,1701.4433308428665
2017-11-30,1590.1724419765164,1442.3282383198564,1908.5797764912088,1590.1724419765164,1590.1724419765164,81.90202646492293,81.90202646492293,81.90202646492293,74.85362412053203,74.85362412053203,74.85362412053203,-689.7335423470809,-689.7335423470809,-689.7335423470809,931.5976155381367,931.5976155381367,931.5976155381367,-167.01044907052375,-167.01044907052375,-167.01044907052375,7.048402344390905,7.048402344390905,7.048402344390905,0.0,0.0,0.0,0.0,0.0,0.0,1672.0744684414394
2017-12-31,1600.6349271406907,1470.583146902296,1931.4360916024364,1600.6349271406907,1600.6349271406907,95.10938746278782,95.10938746278782,95.10938746278782,76.46084669431208,76.46084669431208,76.46084669431208,-694.3169238494584,-694.3169238494584,-694.3169238494584,937.7882196142942,937.7882196142942,937.7882196142942,-167.01044907052375,-167.01044907052375,-167.01044907052375,18.648540768475748,18.648540768475748,18.648540768475748,0.0,0.0,0.0,0.0,0.0,0.0,1695.7443146034784
2018-01-31,1611.0974123048647,1298.7140950977503,1760.8724424069956,1611.0974123048647,1611.0974123048647,-86.75188674558912,-86.75188674558912,-86.75188674558912,78.07874950004077,78.07874950004077,78.07874950004077,-698.9307626004784,-698.9307626004784,-698.9307626004784,944.019961171043,944.019961171043,944.019961171043,-167.01044907052375,-167.01044907052375,-167.01044907052375,-164.8306362456299,-164.8306362456299,-164.8306362456299,0.0,0.0,0.0,0.0,0.0,0.0,1524.3455255592755
2018-02-28,1620.5473989047641,1290.8959708974262,1749.4593503398858,1620.5473989047641,1620.5473989047641,-91.80318727589015,-91.80318727589015,-91.80318727589015,79.70740350944024,79.70740350944024,79.70740350944024,-703.5752609930673,-703.5752609930673,-703.5752609930673,950.2931135730313,950.2931135730313,950.2931135730313,-167.01044907052375,-167.01044907052375,-167.01044907052375,-171.5105907853304,-171.5105907853304,-171.5105907853304,0.0,0.0,0.0,0.0,0.0,0.0,1528.744211628874
2018-03-31,1631.128396344513,1357.9731190762054,1815.7593231484516,1631.128396344513,1631.128396344513,-44.81504432673486,-44.81504432673486,-44.81504432673486,81.34688016585068,81.34688016585068,81.34688016585068,-708.2506227650824,-708.2506227650824,-708.2506227650824,956.6079520014569,956.6079520014569,956.6079520014569,-167.01044907052375,-167.01044907052375,-167.01044907052375,-126.16192449258554,-126.16192449258554,-126.16192449258554,0.0,0.0,0.0,0.0,0.0,0.0,1586.3133520177782
2018-04-30,1641.3680712862056,1662.0700815700081,2093.3997698407306,1641.3680712862056,1641.3680712862056,232.91136540961088,232.91136540961088,232.91136540961088,82.9972513873637,82.9972513873637,82.9972513873637,-712.9570530082492,-712.9570530082492,-712.9570530082492,962.9647534661366,962.9647534661366,962.9647534661366,-167.01044907052375,-167.01044907052375,-167.01044907052375,149.91411402224716,149.91411402224716,149.91411402224716,0.0,0.0,0.0,0.0,0.0,0.0,1874.2794366958165
2018-05-31,1651.9490687259545,1689.024315947298,2131.375974805995,1651.9490687259545,1651.9490687259545,254.75178374698146,254.75178374698146,254.75178374698146,84.65858956997751,84.65858956997751,84.65858956997751,-717.6947581771581,-717.6947581771581,-717.6947581771581,969.3637968176592,969.3637968176592,969.3637968176592,-167.01044907052375,-167.01044907052375,-167.01044907052375,170.09319417700394,170.09319417700394,170.09319417700394,0.0,0.0,0.0,0.0,0.0,0.0,1906.7008524729358
2018-06-30,1662.188743667647,1536.7231817795825,1996.0558249595072,1662.188743667647,1662.188743667647,117.37776499135222,117.37776499135222,117.37776499135222,86.33096759077193,86.33096759077193,86.33096759077193,-722.4639460983209,-722.4639460983209,-722.4639460983209,975.8053627596166,975.8053627596166,975.8053627596166,-167.01044907052375,-167.01044907052375,-167.01044907052375,31.04679740058028,31.04679740058028,31.04679740058028,0.0,0.0,0.0,0.0,0.0,0.0,1779.5665086589993
2018-07-31,1672.8760201005175,1566.4704960997478,2015.0078821686386,1672.8760201005175,1672.8760201005175,114.8276278638494,114.8276278638494,114.8276278638494,88.01445881110635,88.01445881110635,88.01445881110635,-727.264825979287,-727.264825979287,-727.264825979287,982.2897338609172,982.2897338609172,982.2897338609172,-167.01044907052375,-167.01044907052375,-167.01044907052375,26.813169052743067,26.813169052743067,26.813169052743067,0.0,0.0,0.0,0.0,0.0,0.0,1787.7036479643668
2018-08-31,1683.5632965333878,1515.2299949331484,1953.502704578464,1683.5632965333878,1683.5632965333878,54.65010125310601,54.65010125310601,54.65010125310601,89.70913707983696,89.70913707983696,89.70913707983696,-732.0976084178217,-732.0976084178217,-732.0976084178217,988.8171945681825,988.8171945681825,988.8171945681825,-167.01044907052375,-167.01044907052375,-167.01044907052375,-35.059035826730955,-35.059035826730955,-35.059035826730955,0.0,0.0,0.0,0.0,0.0,0.0,1738.2133977864937
2018-09-30,1693.9058221135851,1613.100642216817,2062.76140366175,1693.9058221135851,1693.9058221135851,135.40320232599376,135.40320232599376,135.40320232599376,91.41507673655646,91.41507673655646,91.41507673655646,-736.962505411143,-736.962505411143,-736.962505411143,995.3880312182232,995.3880312182232,995.3880312182232,-167.01044907052375,-167.01044907052375,-167.01044907052375,43.988125589437296,43.988125589437296,43.988125589437296,0.0,0.0,0.0,0.0,0.0,0.0,1829.309024439579
2018-10-31,1704.5930985464554,1598.417694584464,2068.1760480479356,1704.5930985464554,1704.5930985464554,142.45791967421508,142.45791967421508,142.45791967421508,93.13235261485566,93.13235261485566,93.13235261485566,-741.8597303652215,-741.8597303652215,-741.8597303652215,1002.002532050601,1002.002532050601,1002.002532050601,-167.01044907052375,-167.01044907052375,-167.01044907052375,49.32556705935942,49.32556705935942,49.32556705935942,0.0,0.0,0.0,0.0,0.0,0.0,1847.0510182206704
2018-11-30,1715.011437032819,1590.5716139826707,2030.113675099827,1715.011437032819,1715.011437032819,101.85820670617957,101.85820670617957,101.85820670617957,94.86104004560467,94.86104004560467,94.86104004560467,-746.7894981041431,-746.7894981041431,-746.7894981041431,1008.6609872202716,1008.6609872202716,1008.6609872202716,-167.01044907052375,-167.01044907052375,-167.01044907052375,6.9971666605748934,6.9971666605748934,6.9971666605748934,0.0,0.0,0.0,0.0,0.0,0.0,1816.8696437389985
2018-12-31,1725.7770534687281,1614.6062331600722,2063.1308378550452,1725.7770534687281,1725.7770534687281,114.12938621539874,114.12938621539874,114.12938621539874,96.60121486025923,96.60121486025923,96.60121486025923,-751.7520248795307,-751.7520248795307,-751.7520248795307,1015.3636888103138,1015.3636888103138,1015.3636888103138,-167.01044907052375,-167.01044907052375,-167.01044907052375,17.52817135513951,17.52817135513951,17.52817135513951,0.0,0.0,0.0,0.0,0.0,0.0,1839.9064396841268
2019-01-31,1736.5426699046373,1448.468759731617,1896.2796713192129,1736.5426699046373,1736.5426699046373,-67.13366656928638,-67.13366656928638,-67.13366656928638,98.35295339418619,98.35295339418619,98.35295339418619,-756.7475283800318,-756.7475283800318,-756.7475283800318,1022.1109308447417,1022.1109308447417,1022.1109308447417,-167.01044907052375,-167.01044907052375,-167.01044907052375,-165.48661996347255,-165.48661996347255,-165.48661996347255,0.0,0.0,0.0,0.0,0.0,0.0,1669.409003335351
2019-02-28,1746.2664524919096,1438.0756907742377,1908.2844332606749,1746.2664524919096,1746.2664524919096,-72.0895581512398,-72.0895581512398,-72.0895581512398,100.11633249001186,100.11633249001186,100.11633249001186,-761.7762277408664,-761.7762277408664,-761.7762277408664,1028.9030093014019,1028.9030093014019,1028.9030093014019,-167.01044907052375,-167.01044907052375,-167.01044907052375,-172.20589064125167,-172.20589064125167,-172.20589064125167,0.0,0.0,0.0,0.0,0.0,0.0,1674.1768943406698
2019-03-31,1757.067662351553,1505.98237506357,1945.146798136079,1757.067662351553,1757.067662351553,-22.268896768481767,-22.268896768481767,-22.268896768481767,101.89142950099397,101.89142950099397,101.89142950099397,-766.8383435534411,-766.8383435534411,-766.8383435534411,1035.7402221249588,1035.7402221249588,1035.7402221249588,-167.01044907052375,-167.01044907052375,-167.01044907052375,-124.16032626947573,-124.16032626947573,-124.16032626947573,0.0,0.0,0.0,0.0,0.0,0.0,1734.7987655830714
2019-04-30,1767.520446086692,1783.478169122842,2256.758968184569,1767.520446086692,1767.520446086692,254.40977202674515,254.40977202674515,254.40977202674515,103.67832229441278,103.67832229441278,103.67832229441278,-771.9340978750251,-771.9340978750251,-771.9340978750251,1042.6228692399618,1042.6228692399618,1042.6228692399618,-167.01044907052375,-167.01044907052375,-167.01044907052375,150.73144973233235,150.73144973233235,150.73144973233235,0.0,0.0,0.0,0.0,0.0,0.0,2021.9302181134371
2019-05-31,1778.3216559463353,1815.0848386151608,2276.156926874973,1778.3216559463353,1778.3216559463353,273.9696974733056,273.9696974733056,273.9696974733056,105.47708925498935,105.47708925498935,105.47708925498935,-777.063714238491,-777.063714238491,-777.063714238491,1049.5512525640042,1049.5512525640042,1049.5512525640042,-167.01044907052375,-167.01044907052375,-167.01044907052375,168.4926082183162,168.4926082183162,168.4926082183162,0.0,0.0,0.0,0.0,0.0,0.0,2052.291353419641
2019-06-30,1788.7744396814737,1677.480555231565,2156.135491618994,1788.7744396814737,1788.7744396814737,136.46902116988238,136.46902116988238,136.46902116988238,107.28780928832234,107.28780928832234,107.28780928832234,-782.2274176621203,-782.2274176621203,-782.2274176621203,1056.5256760209663,1056.5256760209663,1056.5256760209663,-167.01044907052375,-167.01044907052375,-167.01044907052375,29.181211881560042,29.181211881560042,29.181211881560042,0.0,0.0,0.0,0.0,0.0,0.0,1925.243460851356
2019-07-31,1799.5756495411172,1697.4445313431602,2160.2598911448363,1799.5756495411172,1799.5756495411172,135.24302652578555,135.24302652578555,135.24302652578555,109.11056182434946,109.11056182434946,109.11056182434946,-787.4254346594739,-787.4254346594739,-787.4254346594739,1063.5464455543472,1063.5464455543472,1063.5464455543472,-167.01044907052375,-167.01044907052375,-167.01044907052375,26.132464701436067,26.132464701436067,26.132464701436067,0.0,0.0,0.0,0.0,0.0,0.0,1934.8186760669028
2019-08-31,1810.334024804381,1671.1148395183204,2115.1065723238994,1810.334024804381,1810.334024804381,76.89436781440324,76.89436781440324,76.89436781440324,110.94542682083312,110.94542682083312,110.94542682083312,-792.6579932493298,-792.6579932493298,-792.6579932493298,1070.6138691406866,1070.6138691406866,1070.6138691406866,-167.01044907052375,-167.01044907052375,-167.01044907052375,-34.051059006429874,-34.051059006429874,-34.051059006429874,0.0,0.0,0.0,0.0,0.0,0.0,1887.2283926187843
2019-09-30,1820.7453557043136,1758.0096533388153,2198.3288178912717,1820.7453557043136,1820.7453557043136,158.4298536430249,158.4298536430249,158.4298536430249,112.79248476686625,112.79248476686625,112.79248476686625,-797.9253229656833,-797.9253229656833,-797.9253229656833,1077.7282568030732,1077.7282568030732,1077.7282568030732,-167.01044907052375,-167.01044907052375,-167.01044907052375,45.63736887615865,45.63736887615865,45.63736887615865,0.0,0.0,0.0,0.0,0.0,0.0,1979.1752093473385
2019-10-31,1831.5037309675774,1767.114671640714,2210.6940818115086,1831.5037309675774,1831.5037309675774,165.11058276982058,165.11058276982058,165.11058276982058,114.65181668640328,114.65181668640328,114.65181668640328,-803.2276548678183,-803.2276548678183,-803.2276548678183,1084.8899206247454,1084.8899206247454,1084.8899206247454,-167.01044907052375,-167.01044907052375,-167.01044907052375,50.458766083417295,50.458766083417295,50.458766083417295,0.0,0.0,0.0,0.0,0.0,0.0,1996.614313737398
2019-11-30,1841.91506186751,1725.2524004686697,2197.0670607261104,1841.91506186751,1841.91506186751,123.41755970025284,123.41755970025284,123.41755970025284,116.52350414181541,116.52350414181541,116.52350414181541,-808.5652215504412,-808.5652215504412,-808.5652215504412,1092.0991747627804,1092.0991747627804,1092.0991747627804,-167.01044907052375,-167.01044907052375,-167.01044907052375,6.894055558437419,6.894055558437419,6.894055558437419,0.0,0.0,0.0,0.0,0.0,0.0,1965.332621567763
2019-12-31,1852.5475438143978,1767.6793106059476,2223.9936585147534,1852.5475438143978,1852.5475438143978,134.75746713566443,134.75746713566443,134.75746713566443,118.40762923746759,118.40762923746759,118.40762923746759,-813.9382571538848,-813.9382571538848,-813.9382571538848,1099.3563354618761,1099.3563354618761,1099.3563354618761,-167.01044907052375,-167.01044907052375,-167.01044907052375,16.349837898196846,16.349837898196846,16.349837898196846,0.0,0.0,0.0,0.0,0.0,0.0,1987.3050109500623
2020-01-31,1863.1800257612858,1573.1221264041803,2034.8750029986682,1863.1800257612858,1863.1800257612858,-45.78833015235698,-45.78833015235698,-45.78833015235698,120.30427462332138,120.30427462332138,120.30427462332138,-819.3469973743788,-819.3469973743788,-819.3469973743788,1106.661721068224,1106.661721068224,1106.661721068224,-167.01044907052375,-167.01044907052375,-167.01044907052375,-166.09260477567835,-166.09260477567835,-166.09260477567835,0.0,0.0,0.0,0.0,0.0,0.0,1817.3916956089288
2020-02-29,1873.126541130955,1607.4503553920108,2048.0180812208964,1873.126541130955,1873.126541130955,-47.6576089029311,-47.6576089029311,-47.6576089029311,122.21352349855798,122.21352349855798,122.21352349855798,-824.7916794743896,-824.7916794743896,-824.7916794743896,1114.0156520434714,1114.0156520434714,1114.0156520434714,-167.01044907052375,-167.01044907052375,-167.01044907052375,-169.8711324014891,-169.8711324014891,-169.8711324014891,0.0,0.0,0.0,0.0,0.0,0.0,1825.468932228024
2020-03-31,1883.7590230778428,1661.1795274524861,2106.7896999938016,1883.7590230778428,1883.7590230778428,-5.8033917819919525,-5.8033917819919525,-5.8033917819919525,124.1354596152303,124.1354596152303,124.1354596152303,-830.2725422930282,-830.2725422930282,-830.2725422930282,1121.4184509787822,1121.4184509787822,1121.4184509787822,-167.01044907052375,-167.01044907052375,-167.01044907052375,-129.93885139722227,-129.93885139722227,-129.93885139722227,0.0,0.0,0.0,0.0,0.0,0.0,1877.955631295851
2020-04-30,1893.8285839283124,1927.2352973421632,2397.144948020268,1893.8285839283124,1893.8285839283124,273.9630901995085,273.9630901995085,273.9630901995085,126.0701672819362,126.0701672819362,126.0701672819362,-835.7898262565255,-835.7898262565255,-835.7898262565255,1128.8704426089855,1128.8704426089855,1128.8704426089855,-167.01044907052375,-167.01044907052375,-167.01044907052375,147.89292291757226,147.89292291757226,147.89292291757226,0.0,0.0,0.0,0.0,0.0,0.0,2167.791674127821
2020-05-31,1904.233796807131,1986.9824619796666,2418.4593588312864,1904.233796807131,1904.233796807131,300.9774727535893,300.9774727535893,300.9774727535893,128.01773136751666,128.01773136751666,128.01773136751666,-841.3437733887818,-841.3437733887818,-841.3437733887818,1136.3719538268222,1136.3719538268222,1136.3719538268222,-167.01044907052375,-167.01044907052375,-167.01044907052375,172.95974138607264,172.95974138607264,172.95974138607264,0.0,0.0,0.0,0.0,0.0,0.0,2205.21126956072
2020-06-30,1914.3033576576006,1837.4648910908556,2306.5771487592065,1914.3033576576006,1914.3033576576006,164.8628887064586,164.8628887064586,164.8628887064586,129.97823730477805,129.97823730477805,129.97823730477805,-846.934627321981,-846.934627321981,-846.934627321981,1143.9233136972828,1143.9233136972828,1143.9233136972828,-167.01044907052375,-167.01044907052375,-167.01044907052375,34.88465140168053,34.88465140168053,34.88465140168053,0.0,0.0,0.0,0.0,0.0,0.0,2079.166246364059
2020-07-31,1924.7085705364193,1857.2383356060611,2307.5259772176646,1924.7085705364193,1924.7085705364193,160.31270546810717,160.31270546810717,160.31270546810717,131.95177109424122,131.95177109424122,131.95177109424122,-852.5626333072795,-852.5626333072795,-852.5626333072795,1151.5248534720445,1151.5248534720445,1151.5248534720445,-167.01044907052375,-167.01044907052375,-167.01044907052375,28.360934373865916,28.360934373865916,28.360934373865916,0.0,0.0,0.0,0.0,0.0,0.0,2085.0212760045265
2020-08-31,1934.7840150672328,1818.6883236644794,2266.8734784857143,1934.7840150672328,1934.7840150672328,97.13199752186213,97.13199752186213,97.13199752186213,133.93841930791234,133.93841930791234,133.93841930791234,-858.228038225564,-858.228038225564,-858.228038225564,1159.1769066040001,1159.1769066040001,1159.1769066040001,-167.01044907052375,-167.01044907052375,-167.01044907052375,-36.806421786050194,-36.806421786050194,-36.806421786050194,0.0,0.0,0.0,0.0,0.0,0.0,2031.9160125890949
2020-09-30,1944.5344452583427,1894.140894522079,2339.5183661334645,1944.5344452583427,1944.5344452583427,176.6023267407717,176.6023267407717,176.6023267407717,135.9382690930819,135.9382690930819,135.9382690930819,-863.9310905982805,-863.9310905982805,-863.9310905982805,1166.8798087618864,1166.8798087618864,1166.8798087618864,-167.01044907052375,-167.01044907052375,-167.01044907052375,40.66405764768978,40.66405764768978,40.66405764768978,0.0,0.0,0.0,0.0,0.0,0.0,2121.1367719991144
2020-10-31,1954.6098897891561,1896.5575907784166,2351.63049208599,1954.6098897891561,1954.6098897891561,184.85194198156012,184.85194198156012,184.85194198156012,137.9514081761472,137.9514081761472,137.9514081761472,-869.6720405983381,-869.6720405983381,-869.6720405983381,1174.633897845009,1174.633897845009,1174.633897845009,-167.01044907052375,-167.01044907052375,-167.01044907052375,46.90053380541293,46.90053380541293,46.90053380541293,0.0,0.0,0.0,0.0,0.0,0.0,2139.4618317707163
2020-11-30,1964.3603199802662,1899.8211986204738,2357.428008095193,1964.3603199802662,1964.3603199802662,147.02521896979607,147.02521896979607,147.02521896979607,139.97792486646048,139.97792486646048,139.97792486646048,-875.4511400610801,-875.4511400610801,-875.4511400610801,1182.4395139980643,1182.4395139980643,1182.4395139980643,-167.01044907052375,-167.01044907052375,-167.01044907052375,7.04729410333561,7.04729410333561,7.04729410333561,0.0,0.0,0.0,0.0,0.0,0.0,2111.3855389500623
2020-12-31,1974.018990756354,1931.3249461021476,2364.2268958064406,1974.018990756354,1974.018990756354,161.72595216086782,161.72595216086782,161.72595216086782,142.01790806020182,142.01790806020182,142.01790806020182,-881.268642495335,-881.268642495335,-881.268642495335,1190.2969996260606,1190.2969996260606,1190.2969996260606,-167.01044907052375,-167.01044907052375,-167.01044907052375,19.70804410066603,19.70804410066603,19.70804410066603,0.0,0.0,0.0,0.0,0.0,0.0,2135.744942917222
2021-01-31,1983.6776615324416,1738.5675056035072,2180.4291594730103,1983.6776615324416,1983.6776615324416,-20.056089226587712,-20.056089226587712,-20.056089226587712,144.0714472442802,144.0714472442802,144.0714472442802,-887.1248030945333,-887.1248030945333,-887.1248030945333,1198.2066994093373,1198.2066994093373,1198.2066994093373,-167.01044907052375,-167.01044907052375,-167.01044907052375,-164.12753647086788,-164.12753647086788,-164.12753647086788,0.0,0.0,0.0,0.0,0.0,0.0,1963.6215723058538
2021-02-28,1992.4016222334244,1740.0837935706672,2196.906464300425,1992.4016222334244,1992.4016222334244,-24.593732599920642,-24.593732599920642,-24.593732599920642,146.13863250025886,146.13863250025886,146.13863250025886,-893.0198787479047,-893.0198787479047,-893.0198787479047,1206.1689603186874,1206.1689603186874,1206.1689603186874,-167.01044907052375,-167.01044907052375,-167.01044907052375,-170.73236510017952,-170.73236510017952,-170.73236510017952,0.0,0.0,0.0,0.0,0.0,0.0,1967.8078896335037
2021-03-31,2002.0602930095117,1792.8240339528545,2244.1486753888184,2002.0602930095117,2002.0602930095117,20.12987121381636,20.12987121381636,20.12987121381636,148.21955450830558,148.21955450830558,148.21955450830558,-898.9541280517451,-898.9541280517451,-898.9541280517451,1214.1841316305745,1214.1841316305745,1214.1841316305745,-167.01044907052375,-167.01044907052375,-167.01044907052375,-128.08968329448922,-128.08968329448922,-128.08968329448922,0.0,0.0,0.0,0.0,0.0,0.0,2022.190164223328
2021-04-30,2010.9229539929477,2092.9412208079343,2537.4405853494086,2010.9229539929477,2010.9229539929477,299.28115376733433,299.28115376733433,299.28115376733433,150.31430455117172,150.31430455117172,150.31430455117172,-904.9278113207616,-904.9278113207616,-904.9278113207616,1222.2525649424572,1222.2525649424572,1222.2525649424572,-167.01044907052375,-167.01044907052375,-167.01044907052375,148.96684921616264,148.96684921616264,148.96684921616264,0.0,0.0,0.0,0.0,0.0,0.0,2310.204107760282
2021-05-31,2020.0810370091642,2104.6106907397993,2568.9253426098044,2020.0810370091642,2020.0810370091642,324.0061080493974,324.0061080493974,324.0061080493974,152.4229745181955,152.4229745181955,152.4229745181955,-910.9411905994909,-910.9411905994909,-910.9411905994909,1230.3746141882102,1230.3746141882102,1230.3746141882102,-167.01044907052375,-167.01044907052375,-167.01044907052375,171.58313353120195,171.58313353120195,171.58313353120195,0.0,0.0,0.0,0.0,0.0,0.0,2344.087145058562
2021-08-31,2047.2598640250335,1944.093565631383,2412.366527392758,2047.2598640250335,2047.2598640250335,118.56768582848518,118.56768582848518,118.56768582848518,154.54565690933373,154.54565690933373,154.54565690933373,-916.9945296737947,-916.9945296737947,-916.9945296737947,1238.550635653652,1238.550635653652,1238.550635653652,-167.01044907052375,-167.01044907052375,-167.01044907052375,-35.97797108084854,-35.97797108084854,-35.97797108084854,0.0,0.0,0.0,0.0,0.0,0.0,2165.8275498535186
2021-09-30,2056.1225250084694,2026.908166855888,2483.5623388137687,2056.1225250084694,2056.1225250084694,199.01169070867113,199.01169070867113,199.01169070867113,156.68244483921944,156.68244483921944,156.68244483921944,-923.0880940824301,-923.0880940824301,-923.0880940824301,1246.7809879921733,1246.7809879921733,1246.7809879921733,-167.01044907052375,-167.01044907052375,-167.01044907052375,42.32924586945168,42.32924586945168,42.32924586945168,0.0,0.0,0.0,0.0,0.0,0.0,2255.1342157171407
2021-10-31,2064.652410713622,2040.9462985591256,2496.248877141054,2064.652410713622,2064.652410713622,206.97229527484382,206.97229527484382,206.97229527484382,158.83343204124589,158.83343204124589,158.83343204124589,-929.2221511286994,-929.2221511286994,-929.2221511286994,1255.066032240469,1255.066032240469,1255.066032240469,-167.01044907052375,-167.01044907052375,-167.01044907052375,48.1388632335979,48.1388632335979,48.1388632335979,0.0,0.0,0.0,0.0,0.0,0.0,2271.624705988466
2021-11-30,2072.9071388153825,2006.9974847949327,2463.240085703711,2072.9071388153825,2072.9071388153825,168.0471152160725,168.0471152160725,168.0471152160725,160.9987128716787,160.9987128716787,160.9987128716787,-935.3969698921742,-935.3969698921742,-935.3969698921742,1263.4061318343768,1263.4061318343768,1263.4061318343768,-167.01044907052375,-167.01044907052375,-167.01044907052375,7.048402344393823,7.048402344393823,7.048402344393823,0.0,0.0,0.0,0.0,0.0,0.0,2240.954254031455
2021-12-31,2081.437024520535,2021.239782495928,2490.4131972331033,2081.437024520535,2081.437024520535,181.8269230822889,181.8269230822889,181.8269230822889,163.17838231379454,163.17838231379454,163.17838231379454,-941.6128212405002,-941.6128212405002,-941.6128212405002,1271.8016526248184,1271.8016526248184,1271.8016526248184,-167.01044907052375,-167.01044907052375,-167.01044907052375,18.648540768494392,18.648540768494392,18.648540768494392,0.0,0.0,0.0,0.0,0.0,0.0,2263.263947602824
2022-01-31,2089.9669102256876,1849.9895945949809,2322.9974461362594,2089.9669102256876,2089.9669102256876,0.5418997364210784,0.5418997364210784,0.5418997364210784,165.37253598204853,165.37253598204853,165.37253598204853,-947.8699778412783,-947.8699778412783,-947.8699778412783,1280.2529628938507,1280.2529628938507,1280.2529628938507,-167.01044907052375,-167.01044907052375,-167.01044907052375,-164.83063624562746,-164.83063624562746,-164.83063624562746,0.0,0.0,0.0,0.0,0.0,0.0,2090.5088099621084
2022-02-28,2097.0285614304307,1860.8015430165617,2316.4706602637484,2097.0285614304307,2097.0285614304307,-3.9293206590674283,-3.9293206590674283,-3.9293206590674283,167.5812701262671,167.5812701262671,167.5812701262671,-954.1687141740267,-954.1687141740267,-954.1687141740267,1288.7604333708175,1288.7604333708175,1288.7604333708175,-167.01044907052375,-167.01044907052375,-167.01044907052375,-171.51059078533453,-171.51059078533453,-171.51059078533453,0.0,0.0,0.0,0.0,0.0,0.0,2093.0992407713634
2022-03-31,2104.846818121396,1911.6510190159172,2377.2823504920766,2104.846818121396,2104.846818121396,43.64275714329151,43.64275714329151,43.64275714329151,169.80468163587227,169.80468163587227,169.80468163587227,-960.5093065422196,-960.5093065422196,-960.5093065422196,1297.3244372486158,1297.3244372486158,1297.3244372486158,-167.01044907052375,-167.01044907052375,-167.01044907052375,-126.16192449258075,-126.16192449258075,-126.16192449258075,0.0,0.0,0.0,0.0,0.0,0.0,2148.4895752646876
2022-04-30,2112.4128729836207,2209.7343417342868,2663.2412185579838,2112.4128729836207,2112.4128729836207,321.95698206637275,321.95698206637275,321.95698206637275,172.0428680441299,172.0428680441299,172.0428680441299,-966.8920330854095,-966.8920330854095,-966.8920330854095,1305.945350200063,1305.945350200063,1305.945350200063,-167.01044907052375,-167.01044907052375,-167.01044907052375,149.91411402224284,149.91411402224284,149.91411402224284,0.0,0.0,0.0,0.0,0.0,0.0,2434.3698550499935
2022-05-31,2120.2311296745856,2220.9197141441064,2688.6924783539353,2120.2311296745856,2120.2311296745856,344.3891217094201,344.3891217094201,344.3891217094201,174.2959275324285,174.2959275324285,174.2959275324285,-973.3171737914272,-973.3171737914272,-973.3171737914272,1314.6235503943794,1314.6235503943794,1314.6235503943794,-167.01044907052375,-167.01044907052375,-167.01044907052375,170.09319417699163,170.09319417699163,170.09319417699163,0.0,0.0,0.0,0.0,0.0,0.0,2464.6202513840058
2022-06-30,2127.79718453681,2106.4037290389447,2555.3138683054826,2127.79718453681,2127.79718453681,207.61075633515406,207.61075633515406,207.61075633515406,176.56395893458756,176.56395893458756,176.56395893458756,-979.7850105086635,-979.7850105086635,-979.7850105086635,1323.3594185137747,1323.3594185137747,1323.3594185137747,-167.01044907052375,-167.01044907052375,-167.01044907052375,31.04679740056651,31.04679740056651,31.04679740056651,0.0,0.0,0.0,0.0,0.0,0.0,2335.4079408719645
2022-07-31,2134.805690955082,2110.8740079753234,2575.503104894777,2134.805690955082,2134.805690955082,205.66023079394805,205.66023079394805,205.66023079394805,178.84706174119097,178.84706174119097,178.84706174119097,-986.2958269584343,-986.2958269584343,-986.2958269584343,1332.1533377701492,1332.1533377701492,1332.1533377701492,-167.01044907052375,-167.01044907052375,-167.01044907052375,26.813169052757093,26.813169052757093,26.813169052757093,0.0,0.0,0.0,0.0,0.0,0.0,2340.46592174903
2022-08-31,2141.814197373354,2056.192445218749,2518.982184928753,2141.814197373354,2141.814197373354,146.08630027720272,146.08630027720272,146.08630027720272,181.14533610395176,181.14533610395176,181.14533610395176,-992.8499087474257,-992.8499087474257,-992.8499087474257,1341.0056939219014,1341.0056939219014,1341.0056939219014,-167.01044907052375,-167.01044907052375,-167.01044907052375,-35.059035826749046,-35.059035826749046,-35.059035826749046,0.0,0.0,0.0,0.0,0.0,0.0,2287.9004976505566
2022-09-30,2148.596622939424,2140.856645590912,2588.9258362933083,2148.596622939424,2148.596622939424,227.4470084295688,227.4470084295688,227.4470084295688,183.45888284010795,183.45888284010795,183.45888284010795,-999.4475433802216,-999.4475433802216,-999.4475433802216,1349.9168752908533,1349.9168752908533,1349.9168752908533,-167.01044907052375,-167.01044907052375,-167.01044907052375,43.988125589460836,43.988125589460836,43.988125589460836,0.0,0.0,0.0,0.0,0.0,0.0,2376.043631368993
2022-10-31,2155.6051293576957,2168.0259576490203,2632.5284270441653,2155.6051293576957,2155.6051293576957,235.11337049617543,235.11337049617543,235.11337049617543,185.78780343684136,185.78780343684136,185.78780343684136,-1006.0890202719173,-1006.0890202719173,-1006.0890202719173,1358.8872727792825,1358.8872727792825,1358.8872727792825,-167.01044907052375,-167.01044907052375,-167.01044907052375,49.325567059334084,49.325567059334084,49.325567059334084,0.0,0.0,0.0,0.0,0.0,0.0,2390.718499853871
2022-11-30,2161.52957549549,2122.715532563525,2590.720786886907,2161.52957549549,2161.52957549549,195.12936671631522,195.12936671631522,195.12936671631522,188.13220005573086,188.13220005573086,188.13220005573086,-1012.7746307608139,-1012.7746307608139,-1012.7746307608139,1367.9172798870686,1367.9172798870686,1367.9172798870686,-167.01044907052375,-167.01044907052375,-167.01044907052375,6.99716666058433,6.99716666058433,6.99716666058433,0.0,0.0,0.0,0.0,0.0,0.0,2356.6589422118054
2022-12-31,2167.6515031712115,2144.5593673761023,2613.0897836568643,2167.6515031712115,2167.6515031712115,208.02034689234844,208.02034689234844,208.02034689234844,190.4921755372355,190.4921755372355,190.4921755372355,-1019.5046681211988,-1019.5046681211988,-1019.5046681211988,1377.0072927289582,1377.0072927289582,1377.0072927289582,-167.01044907052375,-167.01044907052375,-167.01044907052375,17.528171355112935,17.528171355112935,17.528171355112935,0.0,0.0,0.0,0.0,0.0,0.0,2375.6718500635598
2023-01-31,2173.773430846932,1982.3408619020365,2432.540751471458,2173.773430846932,2173.773430846932,27.38121344173437,27.38121344173437,27.38121344173437,192.86783340520395,192.86783340520395,192.86783340520395,-1026.2794275762099,-1026.2794275762099,-1026.2794275762099,1386.1577100519376,1386.1577100519376,1386.1577100519376,-167.01044907052375,-167.01044907052375,-167.01044907052375,-165.48661996346956,-165.48661996346956,-165.48661996346956,0.0,0.0,0.0,0.0,0.0,0.0,2201.1546442886665
2023-02-28,2179.302913908874,1975.0297364863377,2445.5647030568866,2179.302913908874,2179.302913908874,23.053387230160777,23.053387230160777,23.053387230160777,195.2592778714162,195.2592778714162,195.2592778714162,-1033.0992063107872,-1033.0992063107872,-1033.0992063107872,1395.3689332527272,1395.3689332527272,1395.3689332527272,-167.01044907052375,-167.01044907052375,-167.01044907052375,-172.20589064125542,-172.20589064125542,-172.20589064125542,0.0,0.0,0.0,0.0,0.0,0.0,2202.3563011390347
2023-03-31,2184.465908681986,2035.885125378274,2474.4275724845575,2184.465908681986,2184.465908681986,73.50628757070456,73.50628757070456,73.50628757070456,197.6666138401539,197.6666138401539,197.6666138401539,-1039.9643034847088,-1039.9643034847088,-1039.9643034847088,1404.6413663953865,1404.6413663953865,1404.6413663953865,-167.01044907052375,-167.01044907052375,-167.01044907052375,-124.16032626944934,-124.16032626944934,-124.16032626944934,0.0,0.0,0.0,0.0,0.0,0.0,2257.9721962526905
2023-04-30,2189.4623552366106,2305.9535049716683,2772.5343226631226,2189.4623552366106,2189.4623552366106,350.8213966451384,350.8213966451384,350.8213966451384,200.08994691280435,200.08994691280435,200.08994691280435,-1046.8750202457131,-1046.8750202457131,-1046.8750202457131,1413.9754162290412,1413.9754162290412,1413.9754162290412,-167.01044907052375,-167.01044907052375,-167.01044907052375,150.73144973233406,150.73144973233406,150.73144973233406,0.0,0.0,0.0,0.0,0.0,0.0,2540.283751881749
2023-05-31,2194.6253500097228,2340.825818027084,2788.057863818672,2194.6253500097228,2194.6253500097228,371.02199161079864,371.02199161079864,371.02199161079864,202.52938339249178,202.52938339249178,202.52938339249178,-1053.83165974271,-1053.83165974271,-1053.83165974271,1423.3714922057254,1423.3714922057254,1423.3714922057254,-167.01044907052375,-167.01044907052375,-167.01044907052375,168.49260821830688,168.49260821830688,168.49260821830688,0.0,0.0,0.0,0.0,0.0,0.0,2565.6473416205213
2023-06-30,2199.6217965643477,2212.9904485462307,2633.118157545616,2199.6217965643477,2199.6217965643477,234.166242170279,234.166242170279,234.166242170279,204.9850302887399,204.9850302887399,204.9850302887399,-1060.834527139079,-1060.834527139079,-1060.834527139079,1432.8300064983425,1432.8300064983425,1432.8300064983425,-167.01044907052375,-167.01044907052375,-167.01044907052375,29.181211881539095,29.181211881539095,29.181211881539095,0.0,0.0,0.0,0.0,0.0,0.0,2433.7880387346268
2023-07-31,2203.754751229849,2219.5269015212125,2668.9329235939263,2203.754751229849,2203.754751229849,233.58946002359025,233.58946002359025,233.58946002359025,207.4569953221662,207.4569953221662,207.4569953221662,-1067.8839296260555,-1067.8839296260555,-1067.8839296260555,1442.3513740187454,1442.3513740187454,1442.3513740187454,-167.01044907052375,-167.01044907052375,-167.01044907052375,26.132464701424034,26.132464701424034,26.132464701424034,0.0,0.0,0.0,0.0,0.0,0.0,2437.344211253439
2023-08-31,2207.8877058953503,2157.5796470417954,2626.476074783231,2207.8877058953503,2207.8877058953503,175.8943279227913,175.8943279227913,175.8943279227913,209.94538692920827,209.94538692920827,209.94538692920827,-1074.980176436206,-1074.980176436206,-1074.980176436206,1451.936012435938,1451.936012435938,1451.936012435938,-167.01044907052375,-167.01044907052375,-167.01044907052375,-34.05105900641698,-34.05105900641698,-34.05105900641698,0.0,0.0,0.0,0.0,0.0,0.0,2383.782033818142
2023-09-30,2211.88733944261,2241.623729939637,2702.1902814716555,2211.88733944261,2211.88733944261,258.0876831430551,258.0876831430551,258.0876831430551,212.4503142668802,212.4503142668802,212.4503142668802,-1082.1235788569932,-1082.1235788569932,-1082.1235788569932,1461.584342194397,1461.584342194397,1461.584342194397,-167.01044907052375,-167.01044907052375,-167.01044907052375,45.63736887617486,45.63736887617486,45.63736887617486,0.0,0.0,0.0,0.0,0.0,0.0,2469.975022585665
2023-10-31,2216.020294108111,2270.3506759611587,2703.847462236944,2216.020294108111,2216.020294108111,265.4306533009695,265.4306533009695,265.4306533009695,214.9718872175599,214.9718872175599,214.9718872175599,-1089.3144502444309,-1089.3144502444309,-1089.3144502444309,1471.2967865325147,1471.2967865325147,1471.2967865325147,-167.01044907052375,-167.01044907052375,-167.01044907052375,50.45876608340961,50.45876608340961,50.45876608340961,0.0,0.0,0.0,0.0,0.0,0.0,2481.4509474090805
2023-11-30,2218.9566281016605,2214.2994167661195,2679.7222447562876,2218.9566281016605,2218.9566281016605,224.40427195223623,224.40427195223623,224.40427195223623,217.5102163938096,217.5102163938096,217.5102163938096,-1096.5531060368305,-1096.5531060368305,-1096.5531060368305,1481.073771501164,1481.073771501164,1481.073771501164,-167.01044907052375,-167.01044907052375,-167.01044907052375,6.894055558426641,6.894055558426641,6.894055558426641,0.0,0.0,0.0,0.0,0.0,0.0,2443.360900053897
2023-12-31,2221.9908398949947,2228.3411411637417,2688.4731801279286,2221.9908398949947,2221.9908398949947,236.41525104140726,236.41525104140726,236.41525104140726,220.06541314322953,220.06541314322953,220.06541314322953,-1103.8398637686369,-1103.8398637686369,-1103.8398637686369,1490.91572598239,1490.91572598239,1490.91572598239,-167.01044907052375,-167.01044907052375,-167.01044907052375,16.349837898177718,16.349837898177718,16.349837898177718,0.0,0.0,0.0,0.0,0.0,0.0,2458.406090936402
2024-01-31,2225.0250516883293,2046.1030103870248,2491.9597905090836,2225.0250516883293,2225.0250516883293,56.54498477767978,56.54498477767978,56.54498477767978,222.63758955334038,222.63758955334038,222.63758955334038,-1111.175043084359,-1111.175043084359,-1111.175043084359,1500.823081708223,1500.823081708223,1500.823081708223,-167.01044907052375,-167.01044907052375,-167.01044907052375,-166.09260477566062,-166.09260477566062,-166.09260477566062,0.0,0.0,0.0,0.0,0.0,0.0,2281.5700364660092
2024-02-29,2227.8635078820935,2071.9799418490184,2505.4358562918387,2227.8635078820935,2227.8635078820935,55.35572605501735,55.35572605501735,55.35572605501735,225.2268584565011,225.2268584565011,225.2268584565011,-1118.5589657525907,-1118.5589657525907,-1118.5589657525907,1510.7962732796157,1510.7962732796157,1510.7962732796157,-167.01044907052375,-167.01044907052375,-167.01044907052375,-169.87113240148378,-169.87113240148378,-169.87113240148378,0.0,0.0,0.0,0.0,0.0,0.0,2283.219233937111
2024-03-31,2230.8977196754277,2126.5718525607767,2562.3423091867085,2230.8977196754277,2230.8977196754277,97.89448203765188,97.89448203765188,97.89448203765188,227.8333334348589,227.8333334348589,227.8333334348589,-1125.991955680126,-1125.991955680126,-1125.991955680126,1520.8357381855085,1520.8357381855085,1520.8357381855085,-167.01044907052375,-167.01044907052375,-167.01044907052375,-129.938851397207,-129.938851397207,-129.938851397207,0.0,0.0,0.0,0.0,0.0,0.0,2328.7922017130795
2024-04-30,2233.834053668977,2385.636738308793,2814.5538425908403,2233.834053668977,2233.834053668977,378.35005174290535,378.35005174290535,378.35005174290535,230.45712882533044,230.45712882533044,230.45712882533044,-1133.4743389261666,-1133.4743389261666,-1133.4743389261666,1530.9419168220209,1530.9419168220209,1530.9419168220209,-167.01044907052375,-167.01044907052375,-167.01044907052375,147.89292291757488,147.89292291757488,147.89292291757488,0.0,0.0,0.0,0.0,0.0,0.0,2612.1841054118822
2024-05-31,2236.8682654623112,2400.343540977756,2878.134375538992,2236.8682654623112,2236.8682654623112,406.05810111068183,406.05810111068183,406.05810111068183,233.0983597246187,233.0983597246187,233.0983597246187,-1141.0064437166272,-1141.0064437166272,-1141.0064437166272,1541.1152525117698,1541.1152525117698,1541.1152525117698,-167.01044907052375,-167.01044907052375,-167.01044907052375,172.95974138606314,172.95974138606314,172.95974138606314,0.0,0.0,0.0,0.0,0.0,0.0,2642.926366572993
2024-06-30,2239.8045994558606,2294.02560784786,2740.470643593715,2239.8045994558606,2239.8045994558606,270.64179339592124,270.64179339592124,270.64179339592124,235.75714199426116,235.75714199426116,235.75714199426116,-1148.5886004585313,-1148.5886004585313,-1148.5886004585313,1551.3561915233163,1551.3561915233163,1551.3561915233163,-167.01044907052375,-167.01044907052375,-167.01044907052375,34.88465140166009,34.88465140166009,34.88465140166009,0.0,0.0,0.0,0.0,0.0,0.0,2510.4463928517816
2024-07-31,2242.838811249195,2282.186430560283,2737.9369531994716,2242.838811249195,2242.838811249195,266.7945266395701,266.7945266395701,266.7945266395701,238.433592265712,238.433592265712,238.433592265712,-1156.2211417545066,-1156.2211417545066,-1156.2211417545066,1561.6651830907424,1561.6651830907424,1561.6651830907424,-167.01044907052375,-167.01044907052375,-167.01044907052375,28.36093437385808,28.36093437385808,28.36093437385808,0.0,0.0,0.0,0.0,0.0,0.0,2509.633337888765
2024-08-31,2245.873023042529,2209.2693569414355,2675.3137695842156,2245.873023042529,2245.873023042529,204.321406159423,204.321406159423,204.321406159423,241.12782794545836,241.12782794545836,241.12782794545836,-1163.9044024173738,-1163.9044024173738,-1163.9044024173738,1572.042679433356,1572.042679433356,1572.042679433356,-167.01044907052375,-167.01044907052375,-167.01044907052375,-36.80642178603536,-36.80642178603536,-36.80642178603536,0.0,0.0,0.0,0.0,0.0,0.0,2450.194429201952
2024-09-30,2248.8093570360784,2315.062312934502,2763.655829414712,2248.8093570360784,2248.8093570360784,284.5040248678492,284.5040248678492,284.5040248678492,243.8399672201727,243.8399672201727,243.8399672201727,-1171.6387194848353,-1171.6387194848353,-1171.6387194848353,1582.4891357755316,1582.4891357755316,1582.4891357755316,-167.01044907052375,-167.01044907052375,-167.01044907052375,40.664057647676465,40.664057647676465,40.664057647676465,0.0,0.0,0.0,0.0,0.0,0.0,2533.3133819039276
2024-10-31,2251.843568829413,2328.7577933632356,2782.167720718908,2251.843568829413,2251.843568829413,293.4706628673323,293.4706628673323,293.4706628673323,246.5701290618939,246.5701290618939,246.5701290618939,-1179.4244322342577,-1179.4244322342577,-1179.4244322342577,1593.0050103666752,1593.0050103666752,1593.0050103666752,-167.01044907052375,-167.01044907052375,-167.01044907052375,46.90053380543835,46.90053380543835,46.90053380543835,0.0,0.0,0.0,0.0,0.0,0.0,2545.314231696745
2024-11-30,2254.7799028229624,2287.7886347664116,2744.106341846149,2254.7799028229624,2254.7799028229624,256.36572733657727,256.36572733657727,256.36572733657727,249.318433233247,249.318433233247,249.318433233247,-1187.2618821975573,-1187.2618821975573,-1187.2618821975573,1603.590764501328,1603.590764501328,1603.590764501328,-167.01044907052375,-167.01044907052375,-167.01044907052375,7.04729410333029,7.04729410333029,7.04729410333029,0.0,0.0,0.0,0.0,0.0,0.0,2511.14563015954
2024-12-31,2257.8141146162966,2312.332682746087,2770.121715892283,2257.8141146162966,2257.8141146162966,271.7930443933763,271.7930443933763,271.7930443933763,252.08500029269908,252.08500029269908,252.08500029269908,-1195.1514131761796,-1195.1514131761796,-1195.1514131761796,1614.2468625394024,1614.2468625394024,1614.2468625394024,-167.01044907052375,-167.01044907052375,-167.01044907052375,19.708044100677203,19.708044100677203,19.708044100677203,0.0,0.0,0.0,0.0,0.0,0.0,2529.607159009673
2025-01-31,2260.8483264096308,2125.492616161894,2580.4950789251466,2260.8483264096308,2260.8483264096308,90.7424151289933,90.7424151289933,90.7424151289933,254.86995159984536,254.86995159984536,254.86995159984536,-1203.0933712561819,-1203.0933712561819,-1203.0933712561819,1624.9737719265509,1624.9737719265509,1624.9737719265509,-167.01044907052375,-167.01044907052375,-167.01044907052375,-164.12753647085208,-164.12753647085208,-164.12753647085208,0.0,0.0,0.0,0.0,0.0,0.0,2351.590741538624
2025-02-28,2263.58890480361,2127.38316415745,2578.753456666533,2263.58890480361,2263.58890480361,86.9410442205565,86.9410442205565,86.9410442205565,257.6734093207328,257.6734093207328,257.6734093207328,-1211.0881048234148,-1211.0881048234148,-1211.0881048234148,1635.7719632146716,1635.7719632146716,1635.7719632146716,-167.01044907052375,-167.01044907052375,-167.01044907052375,-170.73236510017628,-170.73236510017628,-170.73236510017628,0.0,0.0,0.0,0.0,0.0,0.0,2350.529949024167
2025-03-31,2266.6231165969443,2160.109427308148,2615.267296899909,2266.6231165969443,2266.6231165969443,132.40581313869134,132.40581313869134,132.40581313869134,260.4954964332213,260.4954964332213,260.4954964332213,-1219.135964578804,-1219.135964578804,-1219.135964578804,1646.641910082549,1646.641910082549,1646.641910082549,-167.01044907052375,-167.01044907052375,-167.01044907052375,-128.08968329452998,-128.08968329452998,-128.08968329452998,0.0,0.0,0.0,0.0,0.0,0.0,2399.0289297356358
2025-04-30,2269.5594505904933,2451.24906304598,2908.839294895777,2269.5594505904933,2269.5594505904933,412.3031859485525,412.3031859485525,412.3031859485525,263.33633673237614,263.33633673237614,263.33633673237614,-1227.237303553735,-1227.237303553735,-1227.237303553735,1657.5840893566349,1657.5840893566349,1657.5840893566349,-167.01044907052375,-167.01044907052375,-167.01044907052375,148.9668492161763,148.9668492161763,148.9668492161763,0.0,0.0,0.0,0.0,0.0,0.0,2681.8626365390455
2025-05-31,2272.593662383828,2482.6483870624165,2923.114610974454,2272.593662383828,2272.593662383828,437.7791883670902,437.7791883670902,437.7791883670902,266.19605483589856,266.19605483589856,266.19605483589856,-1235.3924771255392,-1235.3924771255392,-1235.3924771255392,1668.5989810319616,1668.5989810319616,1668.5989810319616,-167.01044907052375,-167.01044907052375,-167.01044907052375,171.58313353119166,171.58313353119166,171.58313353119166,0.0,0.0,0.0,0.0,0.0,0.0,2710.372850750918
2025-06-30,2275.5299963773773,2346.2881063883046,2796.290320970865,2275.5299963773773,2275.5299963773773,302.0240911131375,302.0240911131375,302.0240911131375,269.07477618959376,269.07477618959376,269.07477618959376,-1243.6018430330832,-1243.6018430330832,-1243.6018430330832,1679.6870682932006,1679.6870682932006,1679.6870682932006,-167.01044907052375,-167.01044907052375,-167.01044907052375,32.949314923543724,32.949314923543724,32.949314923543724,0.0,0.0,0.0,0.0,0.0,0.0,2577.5540874905146
2025-07-31,2278.5642081707115,2349.584686944588,2796.845751522374,2278.5642081707115,2278.5642081707115,299.52921378997524,299.52921378997524,299.52921378997524,271.9726270728721,271.9726270728721,271.9726270728721,-1251.8657613924606,-1251.8657613924606,-1251.8657613924606,1690.8488375358563,1690.8488375358563,1690.8488375358563,-167.01044907052375,-167.01044907052375,-167.01044907052375,27.556586717103162,27.556586717103162,27.556586717103162,0.0,0.0,0.0,0.0,0.0,0.0,2578.0934219606866
2025-08-31,2281.5984199640457,2286.2826211511633,2753.384672133785,2281.5984199640457,2281.5984199640457,238.911763523446,238.911763523446,238.911763523446,274.8897346042906,274.8897346042906,274.8897346042906,-1260.1845947127904,-1260.1845947127904,-1260.1845947127904,1702.0847783876045,1702.0847783876045,1702.0847783876045,-167.01044907052375,-167.01044907052375,-167.01044907052375,-35.977971080844576,-35.977971080844576,-35.977971080844576,0.0,0.0,0.0,0.0,0.0,0.0,2520.5101834874918
2025-09-30,2284.534753957595,2387.8188147345545,2820.1855055578285,2284.534753957595,2284.534753957595,320.1554726165862,320.1554726165862,320.1554726165862,277.8262267471259,277.8262267471259,277.8262267471259,-1268.558707912118,-1268.558707912118,-1268.558707912118,1713.3953837297677,1713.3953837297677,1713.3953837297677,-167.01044907052375,-167.01044907052375,-167.01044907052375,42.329245869460365,42.329245869460365,42.329245869460365,0.0,0.0,0.0,0.0,0.0,0.0,2604.6902265741815
2025-10-31,2287.5689657509297,2398.8303925406462,2847.4861531392717,2287.5689657509297,2287.5689657509297,328.92109554858206,328.92109554858206,328.92109554858206,280.7822323149918,280.7822323149918,280.7822323149918,-1276.9884683334235,-1276.9884683334235,-1276.9884683334235,1724.781149718939,1724.781149718939,1724.781149718939,-167.01044907052375,-167.01044907052375,-167.01044907052375,48.13886323359028,48.13886323359028,48.13886323359028,0.0,0.0,0.0,0.0,0.0,0.0,2616.4900612995116
2025-11-30,2290.5052997444786,2349.210559425375,2813.8490628189484,2290.5052997444786,2290.5052997444786,290.80628332188024,290.80628332188024,290.80628332188024,283.75788097748614,283.75788097748614,283.75788097748614,-1285.4742457607358,-1285.4742457607358,-1285.4742457607358,1736.2425758087454,1736.2425758087454,1736.2425758087454,-167.01044907052375,-167.01044907052375,-167.01044907052375,7.048402344394086,7.048402344394086,7.048402344394086,0.0,0.0,0.0,0.0,0.0,0.0,2581.3115830663587
2025-12-31,2293.5395115378133,2353.641025945586,2809.3636940036445,2293.5395115378133,2293.5395115378133,305.40184403436507,305.40184403436507,305.40184403436507,286.75330326588045,286.75330326588045,286.75330326588045,-1294.016412435352,-1294.016412435352,-1294.016412435352,1747.780164771756,1747.780164771756,1747.780164771756,-167.01044907052375,-167.01044907052375,-167.01044907052375,18.64854076848464,18.64854076848464,18.64854076848464,0.0,0.0,0.0,0.0,0.0,0.0,2598.9413555721785
2026-01-31,2296.5737233311474,2212.9536966710757,2652.653854800136,2296.5737233311474,2296.5899970723103,124.93799433321657,124.93799433321657,124.93799433321657,289.76863057884674,289.76863057884674,289.76863057884674,-1302.61534307217,-1302.61534307217,-1302.61534307217,1759.3944227215402,1759.3944227215402,1759.3944227215402,-167.01044907052375,-167.01044907052375,-167.01044907052375,-164.83063624563016,-164.83063624563016,-164.83063624563016,0.0,0.0,0.0,0.0,0.0,0.0,2421.511717664364
2026-02-28,2299.3143017251264,2180.898126716555,2650.5521158397387,2299.1969151796106,2299.4790727423665,121.29340440289194,121.29340440289194,121.29340440289194,292.8039951882194,292.8039951882194,292.8039951882194,-1311.2714148761215,-1311.2714148761215,-1311.2714148761215,1771.0858591348647,1771.0858591348647,1771.0858591348647,-167.01044907052375,-167.01044907052375,-167.01044907052375,-171.51059078532748,-171.51059078532748,-171.51059078532748,0.0,0.0,0.0,0.0,0.0,0.0,2420.6077061280184
2026-03-31,2302.348513518461,2257.9719377767537,2689.6827503386708,2302.0239593980464,2302.8045547006195,169.6976057522374,169.6976057522374,169.6976057522374,295.8595302448012,295.8595302448012,295.8595302448012,-1319.9850075587215,-1319.9850075587215,-1319.9850075587215,1782.8549868740465,1782.8549868740465,1782.8549868740465,-167.01044907052375,-167.01044907052375,-167.01044907052375,-126.16192449256377,-126.16192449256377,-126.16192449256377,0.0,0.0,0.0,0.0,0.0,0.0,2472.0461192706985
2026-04-30,2305.28484751201,2520.756100197888,2977.0464916535066,2304.6647399944154,2306.095337781658,448.8494838064383,448.8494838064383,448.8494838064383,298.93536978419814,298.93536978419814,298.93536978419814,-1328.756503354726,-1328.756503354726,-1328.756503354726,1794.7023222094479,1794.7023222094479,1794.7023222094479,-167.01044907052375,-167.01044907052375,-167.01044907052375,149.91411402224017,149.91411402224017,149.91411402224017,0.0,0.0,0.0,0.0,0.0,0.0,2754.1343313184484
2026-05-31,2308.3190593053446,2557.497815121431,3000.885279848117,2307.1836049455287,2309.5552654983494,472.1248429096937,472.1248429096937,472.1248429096937,302.03164873270555,302.03164873270555,302.03164873270555,-1337.5862870388942,-1337.5862870388942,-1337.5862870388942,1806.6283848421235,1806.6283848421235,1806.6283848421235,-167.01044907052375,-167.01044907052375,-167.01044907052375,170.0931941769882,170.0931941769882,170.0931941769882,0.0,0.0,0.0,0.0,0.0,0.0,2780.443902215038
2026-06-30,2311.255393298894,2418.094773527689,2862.6685996352435,2309.683304109988,2313.012660749175,336.1953003138033,336.1953003138033,336.1953003138033,305.1485029132237,305.1485029132237,305.1485029132237,-1346.474745942873,-1346.474745942873,-1346.474745942873,1818.6336979266202,1818.6336979266202,1818.6336979266202,-167.01044907052375,-167.01044907052375,-167.01044907052375,31.046797400579557,31.046797400579557,31.046797400579557,0.0,0.0,0.0,0.0,0.0,0.0,2647.4506936126973
2026-07-31,2314.289605092228,2428.334828574265,2876.2988505372746,2312.206867852242,2316.6163435246676,335.0992381039583,335.0992381039583,335.0992381039583,308.2860690512136,308.2860690512136,308.2860690512136,-1355.4222699721852,-1355.4222699721852,-1355.4222699721852,1830.7187880939225,1830.7187880939225,1830.7187880939225,-167.01044907052375,-167.01044907052375,-167.01044907052375,26.813169052744726,26.813169052744726,26.813169052744726,0.0,0.0,0.0,0.0,0.0,0.0,2649.3888431961864
2026-08-31,2317.3238168855623,2362.8151898333354,2823.011075326246,2314.7798732289125,2320.289728547574,276.3854489539715,276.3854489539715,276.3854489539715,311.44448478070046,311.44448478070046,311.44448478070046,-1364.4292516233324,-1364.4292516233324,-1364.4292516233324,1842.8841854745567,1842.8841854745567,1842.8841854745567,-167.01044907052375,-167.01044907052375,-167.01044907052375,-35.05903582672896,-35.05903582672896,-35.05903582672896,0.0,0.0,0.0,0.0,0.0,0.0,2593.709265839534
2026-09-30,2320.2601508791117,2449.5138140600397,2885.026191929917,2316.9988308612697,2323.965542756225,358.61201423976087,358.61201423976087,358.61201423976087,314.62388865030596,314.62388865030596,314.62388865030596,-1373.496086001015,-1373.496086001015,-1373.496086001015,1855.1304237218446,1855.1304237218446,1855.1304237218446,-167.01044907052375,-167.01044907052375,-167.01044907052375,43.98812558945493,43.98812558945493,43.98812558945493,0.0,0.0,0.0,0.0,0.0,0.0,2678.8721651188725
2026-10-31,2323.294362672446,2450.7330272107333,2920.847069834144,2319.4542927803177,2327.8220900523474,367.14998718869026,367.14998718869026,367.14998718869026,317.8244201293279,317.8244201293279,317.8244201293279,-1382.6231708354615,-1382.6231708354615,-1382.6231708354615,1867.4580400353132,1867.4580400353132,1867.4580400353132,-167.01044907052375,-167.01044907052375,-167.01044907052375,49.32556705936238,49.32556705936238,49.32556705936238,0.0,0.0,0.0,0.0,0.0,0.0,2690.4443498611363
2026-11-30,2326.2306966659953,2421.701294924634,2862.4080086521703,2321.6822308961255,2331.53975085812,328.04338627444446,328.04338627444446,328.04338627444446,321.04621961386016,321.04621961386016,321.04621961386016,-1391.8109064998766,-1391.8109064998766,-1391.8109064998766,1879.8675751842607,1879.8675751842607,1879.8675751842607,-167.01044907052375,-167.01044907052375,-167.01044907052375,6.99716666058428,6.99716666058428,6.99716666058428,0.0,0.0,0.0,0.0,0.0,0.0,2654.2740829404397
2026-12-31,2329.2649084593295,2439.2197748162157,2897.169888987385,2324.1321116075414,2335.376973128453,341.81759978808793,341.81759978808793,341.81759978808793,324.2894284329473,324.2894284329473,324.2894284329473,-1401.0596960280052,-1401.0596960280052,-1401.0596960280052,1892.3595735314764,1892.3595735314764,1892.3595735314764,-167.01044907052375,-167.01044907052375,-167.01044907052375,17.52817135514061,17.52817135514061,17.52817135514061,0.0,0.0,0.0,0.0,0.0,0.0,2671.0825082474175
2027-01-31,2332.299120252664,2256.2442119588172,2735.092660745807,2326.5282225611945,2339.3913882452034,162.06756889131393,162.06756889131393,162.06756889131393,327.5541888547862,327.5541888547862,327.5541888547862,-1410.369945131811,-1410.369945131811,-1410.369945131811,1904.934583057121,1904.934583057121,1904.934583057121,-167.01044907052375,-167.01044907052375,-167.01044907052375,-165.4866199634723,-165.4866199634723,-165.4866199634723,0.0,0.0,0.0,0.0,0.0,0.0,2494.366689143978
2027-02-28,2335.039698646643,2260.3643568608577,2710.42841518597,2328.6124015930845,2342.989865314138,158.63475345171176,158.63475345171176,158.63475345171176,330.84064409296894,330.84064409296894,330.84064409296894,-1419.7420622192722,-1419.7420622192722,-1419.7420622192722,1917.593155382765,1917.593155382765,1917.593155382765,-167.01044907052375,-167.01044907052375,-167.01044907052375,-172.20589064125718,-172.20589064125718,-172.20589064125718,0.0,0.0,0.0,0.0,0.0,0.0,2493.674452098355
2027-03-31,2338.073910439977,2302.1265686915112,2779.0293249182864,2330.9447082195293,2346.8511643964925,209.98861204327318,209.98861204327318,209.98861204327318,334.1489383127621,334.1489383127621,334.1489383127621,-1429.1764584123005,-1429.1764584123005,-1429.1764584123005,1930.3358457955862,1930.3358457955862,1930.3358457955862,-167.01044907052375,-167.01044907052375,-167.01044907052375,-124.16032626948886,-124.16032626948886,-124.16032626948886,0.0,0.0,0.0,0.0,0.0,0.0,2548.06252248325
2027-04-30,2341.0102444335266,2562.779636214855,3056.102438695278,2333.060095651832,2350.808837496997,488.2106663697687,488.2106663697687,488.2106663697687,337.4792166374304,337.4792166374304,337.4792166374304,-1438.6735475647724,-1438.6735475647724,-1438.6735475647724,1943.1632132727266,1943.1632132727266,1943.1632132727266,-167.01044907052375,-167.01044907052375,-167.01044907052375,150.73144973233835,150.73144973233835,150.73144973233835,0.0,0.0,0.0,0.0,0.0,0.0,2829.2209108032953
2027-05-31,2344.0444562268613,2613.8317392503236,3085.818945926377,2335.2041983871463,2354.9545914140026,509.3242333729147,509.3242333729147,509.3242333729147,340.8316251546069,340.8316251546069,340.8316251546069,-1448.2337462806845,-1448.2337462806845,-1448.2337462806845,1956.0758205058153,1956.0758205058153,1956.0758205058153,-167.01044907052375,-167.01044907052375,-167.01044907052375,168.49260821830777,168.49260821830777,168.49260821830777,0.0,0.0,0.0,0.0,0.0,0.0,2853.368689599776
2027-06-30,2346.9807902204107,2486.14676716435,2948.3350816811035,2337.3118072097673,2358.832333742368,373.3875228042698,373.3875228042698,373.3875228042698,344.2063109226959,344.2063109226959,344.2063109226959,-1457.85747393243,-1457.85747393243,-1457.85747393243,1969.0742339256494,1969.0742339256494,1969.0742339256494,-167.01044907052375,-167.01044907052375,-167.01044907052375,29.181211881573937,29.181211881573937,29.181211881573937,0.0,0.0,0.0,0.0,0.0,0.0,2720.3683130246804
2027-07-31,2350.015002013745,2488.9581297817,2955.8945528175136,2339.821928563338,2363.2478080676756,373.73588667876044,373.73588667876044,373.73588667876044,347.60342197732894,347.60342197732894,347.60342197732894,-1467.5451526791917,-1467.5451526791917,-1467.5451526791917,1982.1590237270443,1982.1590237270443,1982.1590237270443,-167.01044907052375,-167.01044907052375,-167.01044907052375,26.132464701431505,26.132464701431505,26.132464701431505,0.0,0.0,0.0,0.0,0.0,0.0,2723.750888692505
2027-08-31,2353.049213807079,2432.8479172676093,2894.6926671014144,2341.6937255005296,2367.7631457076536,316.972048331431,316.972048331431,316.972048331431,351.02310733785396,351.02310733785396,351.02310733785396,-1477.297207485465,-1477.297207485465,-1477.297207485465,1995.3307638938427,1995.3307638938427,1995.3307638938427,-167.01044907052375,-167.01044907052375,-167.01044907052375,-34.05105900642294,-34.05105900642294,-34.05105900642294,0.0,0.0,0.0,0.0,0.0,0.0,2670.02126213851
2027-09-30,2355.9855478006284,2535.7510529387737,2974.887107048722,2343.543096977891,2371.718563169514,400.10288589004017,400.10288589004017,400.10288589004017,354.46551701387676,354.46551701387676,354.46551701387676,-1487.114066139695,-1487.114066139695,-1487.114066139695,2008.5900322240957,2008.5900322240957,2008.5900322240957,-167.01044907052375,-167.01044907052375,-167.01044907052375,45.637368876163436,45.637368876163436,45.637368876163436,0.0,0.0,0.0,0.0,0.0,0.0,2756.0884336906684
2027-10-31,2359.0197595939626,2544.332716495212,2971.886013476521,2345.984715760135,2375.83463255986,408.3895680952636,408.3895680952636,408.3895680952636,357.93080201183784,357.93080201183784,357.93080201183784,-1496.9961592730463,-1496.9961592730463,-1496.9961592730463,2021.937410355408,2021.937410355408,2021.937410355408,-167.01044907052375,-167.01044907052375,-167.01044907052375,50.45876608342572,50.45876608342572,50.45876608342572,0.0,0.0,0.0,0.0,0.0,0.0,2767.4093276892263
2027-11-30,2361.956093587512,2509.433675388234,2969.191794534735,2347.8507321991096,2379.885203048306,368.31316990007133,368.31316990007133,368.31316990007133,361.4191143416371,361.4191143416371,361.4191143416371,-1506.9439203782904,-1506.9439203782904,-1506.9439203782904,2035.3734837904512,2035.3734837904512,2035.3734837904512,-167.01044907052375,-167.01044907052375,-167.01044907052375,6.894055558434107,6.894055558434107,6.894055558434107,0.0,0.0,0.0,0.0,0.0,0.0,2730.2692634875834
2027-12-31,2364.990305380846,2507.0151160426703,2971.506414911607,2349.656988157383,2383.9641170871587,381.2804449214975,381.2804449214975,381.2804449214975,364.930607023305,364.930607023305,364.930607023305,-1516.957785828822,-1516.957785828822,-1516.957785828822,2048.8988419226507,2048.8988419226507,2048.8988419226507,-167.01044907052375,-167.01044907052375,-167.01044907052375,16.349837898192536,16.349837898192536,16.349837898192536,0.0,0.0,0.0,0.0,0.0,0.0,2746.270750302344
