RegionID,SizeRank,RegionName,RegionType,StateName,date,rent_index,zorf_growth_pct,rent_lag1,rent_lag3,month
394856,8,"Miami, FL",msa,FL,2015-01-31,1462.0229115051122,,,,1
394856,8,"Miami, FL",msa,FL,2015-02-28,1467.667045331035,,1462.0229115051122,,2
394856,8,"Miami, FL",msa,FL,2015-03-31,1473.0179985206353,,1467.667045331035,,3
394856,8,"Miami, FL",msa,FL,2015-04-30,1479.9161466585358,,1473.0179985206353,1462.0229115051122,4
394856,8,"Miami, FL",msa,FL,2015-05-31,1488.581347607333,,1479.9161466585358,1467.667045331035,5
394856,8,"Miami, FL",msa,FL,2015-06-30,1497.1270880335435,,1488.581347607333,1473.0179985206353,6
394856,8,"Miami, FL",msa,FL,2015-07-31,1506.07590153279,,1497.1270880335435,1479.9161466585358,7
394856,8,"Miami, FL",msa,FL,2015-08-31,1513.4867326616125,,1506.07590153279,1488.581347607333,8
394856,8,"Miami, FL",msa,FL,2015-09-30,1524.5359476881436,,1513.4867326616125,1497.1270880335435,9
394856,8,"Miami, FL",msa,FL,2015-10-31,1531.8722560875192,,1524.5359476881436,1506.07590153279,10
394856,8,"Miami, FL",msa,FL,2015-11-30,1541.1370240416604,,1531.8722560875192,1513.4867326616125,11
394856,8,"Miami, FL",msa,FL,2015-12-31,1544.0119687523595,,1541.1370240416604,1524.5359476881436,12
394856,8,"Miami, FL",msa,FL,2016-01-31,1547.6346456886215,,1544.0119687523595,1531.8722560875192,1
394856,8,"Miami, FL",msa,FL,2016-02-29,1548.847597010246,,1547.6346456886215,1541.1370240416604,2
394856,8,"Miami, FL",msa,FL,2016-03-31,1551.2521715455769,,1548.847597010246,1544.0119687523595,3
394856,8,"Miami, FL",msa,FL,2016-04-30,1552.65508474614,,1551.2521715455769,1547.6346456886215,4
394856,8,"Miami, FL",msa,FL,2016-05-31,1552.2465923775776,,1552.65508474614,1548.847597010246,5
394856,8,"Miami, FL",msa,FL,2016-06-30,1552.575275133846,,1552.2465923775776,1551.2521715455769,6
394856,8,"Miami, FL",msa,FL,2016-07-31,1554.737296855258,,1552.575275133846,1552.65508474614,7
394856,8,"Miami, FL",msa,FL,2016-08-31,1557.4327085083385,,1554.737296855258,1552.2465923775776,8
394856,8,"Miami, FL",msa,FL,2016-09-30,1562.4821782101014,,1557.4327085083385,1552.575275133846,9
394856,8,"Miami, FL",msa,FL,2016-10-31,1565.3362544293732,,1562.4821782101014,1554.737296855258,10
394856,8,"Miami, FL",msa,FL,2016-11-30,1569.0861683645794,,1565.3362544293732,1557.4327085083385,11
394856,8,"Miami, FL",msa,FL,2016-12-31,1568.0336219175183,,1569.0861683645794,1562.4821782101014,12
394856,8,"Miami, FL",msa,FL,2017-01-31,1572.7145702127466,,1568.0336219175183,1565.3362544293732,1
394856,8,"Miami, FL",msa,FL,2017-02-28,1576.1198342029847,,1572.7145702127466,1569.0861683645794,2
394856,8,"Miami, FL",msa,FL,2017-03-31,1584.1749791755467,,1576.1198342029847,1568.0336219175183,3
394856,8,"Miami, FL",msa,FL,2017-04-30,1586.3868855245862,,1584.1749791755467,1572.7145702127466,4
394856,8,"Miami, FL",msa,FL,2017-05-31,1588.8682688114222,,1586.3868855245862,1576.1198342029847,5
394856,8,"Miami, FL",msa,FL,2017-06-30,1591.6567740808348,,1588.8682688114222,1584.1749791755467,6
394856,8,"Miami, FL",msa,FL,2017-07-31,1596.878217937335,,1591.6567740808348,1586.3868855245862,7
394856,8,"Miami, FL",msa,FL,2017-08-31,1604.0901176179102,,1596.878217937335,1588.8682688114222,8
394856,8,"Miami, FL",msa,FL,2017-09-30,1610.8398003801146,,1604.0901176179102,1591.6567740808348,9
394856,8,"Miami, FL",msa,FL,2017-10-31,1616.2406535452733,,1610.8398003801146,1596.878217937335,10
394856,8,"Miami, FL",msa,FL,2017-11-30,1617.5513701219954,,1616.2406535452733,1604.0901176179102,11
394856,8,"Miami, FL",msa,FL,2017-12-31,1618.3865359784509,,1617.5513701219954,1610.8398003801146,12
394856,8,"Miami, FL",msa,FL,2018-01-31,1620.1371664398737,,1618.3865359784509,1616.2406535452733,1
394856,8,"Miami, FL",msa,FL,2018-02-28,1623.0926581575368,,1620.1371664398737,1617.5513701219954,2
394856,8,"Miami, FL",msa,FL,2018-03-31,1627.059903211696,,1623.0926581575368,1618.3865359784509,3
394856,8,"Miami, FL",msa,FL,2018-04-30,1631.1171172729307,,1627.059903211696,1620.1371664398737,4
394856,8,"Miami, FL",msa,FL,2018-05-31,1635.1714679052552,,1631.1171172729307,1623.0926581575368,5
394856,8,"Miami, FL",msa,FL,2018-06-30,1640.0283147984885,,1635.1714679052552,1627.059903211696,6
394856,8,"Miami, FL",msa,FL,2018-07-31,1645.273147109946,,1640.0283147984885,1631.1171172729307,7
394856,8,"Miami, FL",msa,FL,2018-08-31,1651.8201900192696,,1645.273147109946,1635.1714679052552,8
394856,8,"Miami, FL",msa,FL,2018-09-30,1656.9678425980592,,1651.8201900192696,1640.0283147984885,9
394856,8,"Miami, FL",msa,FL,2018-10-31,1663.8952123329314,,1656.9678425980592,1645.273147109946,10
394856,8,"Miami, FL",msa,FL,2018-11-30,1670.142744132561,,1663.8952123329314,1651.8201900192696,11
394856,8,"Miami, FL",msa,FL,2018-12-31,1675.2344926448038,,1670.142744132561,1656.9678425980592,12
394856,8,"Miami, FL",msa,FL,2019-01-31,1674.654081690302,,1675.2344926448038,1663.8952123329314,1
394856,8,"Miami, FL",msa,FL,2019-02-28,1673.1718319033162,,1674.654081690302,1670.142744132561,2
394856,8,"Miami, FL",msa,FL,2019-03-31,1673.831292828905,,1673.1718319033162,1675.2344926448038,3
394856,8,"Miami, FL",msa,FL,2019-04-30,1676.8507612771025,,1673.831292828905,1674.654081690302,4
394856,8,"Miami, FL",msa,FL,2019-05-31,1682.0902651601798,,1676.8507612771025,1673.1718319033162,5
394856,8,"Miami, FL",msa,FL,2019-06-30,1686.1256315305425,,1682.0902651601798,1673.831292828905,6
394856,8,"Miami, FL",msa,FL,2019-07-31,1691.2722742304704,,1686.1256315305425,1676.8507612771025,7
394856,8,"Miami, FL",msa,FL,2019-08-31,1695.0819323104058,,1691.2722742304704,1682.0902651601798,8
394856,8,"Miami, FL",msa,FL,2019-09-30,1701.1654100816168,,1695.0819323104058,1686.1256315305425,9
394856,8,"Miami, FL",msa,FL,2019-10-31,1710.7407512487748,,1701.1654100816168,1691.2722742304704,10
394856,8,"Miami, FL",msa,FL,2019-11-30,1720.9550248349287,,1710.7407512487748,1695.0819323104058,11
394856,8,"Miami, FL",msa,FL,2019-12-31,1727.37969648064,,1720.9550248349287,1701.1654100816168,12
394856,8,"Miami, FL",msa,FL,2020-01-31,1728.825204682319,,1727.37969648064,1710.7407512487748,1
394856,8,"Miami, FL",msa,FL,2020-02-29,1731.6222778317515,,1728.825204682319,1720.9550248349287,2
394856,8,"Miami, FL",msa,FL,2020-03-31,1732.8337422381885,,1731.6222778317515,1727.37969648064,3
394856,8,"Miami, FL",msa,FL,2020-04-30,1726.9633511231373,,1732.8337422381885,1728.825204682319,4
394856,8,"Miami, FL",msa,FL,2020-05-31,1718.1304903738665,,1726.9633511231373,1731.6222778317515,5
394856,8,"Miami, FL",msa,FL,2020-06-30,1716.4924140783774,,1718.1304903738665,1732.8337422381885,6
394856,8,"Miami, FL",msa,FL,2020-07-31,1722.023173855585,,1716.4924140783774,1726.9633511231373,7
394856,8,"Miami, FL",msa,FL,2020-08-31,1727.4865379867867,,1722.023173855585,1718.1304903738665,8
394856,8,"Miami, FL",msa,FL,2020-09-30,1733.2099164553103,,1727.4865379867867,1716.4924140783774,9
394856,8,"Miami, FL",msa,FL,2020-10-31,1745.801856518451,,1733.2099164553103,1722.023173855585,10
394856,8,"Miami, FL",msa,FL,2020-11-30,1763.589626624069,,1745.801856518451,1727.4865379867867,11
394856,8,"Miami, FL",msa,FL,2020-12-31,1778.9412107251978,,1763.589626624069,1733.2099164553103,12
394856,8,"Miami, FL",msa,FL,2021-01-31,1794.3416692182986,,1778.9412107251978,1745.801856518451,1
394856,8,"Miami, FL",msa,FL,2021-02-28,1816.806145356844,,1794.3416692182986,1763.589626624069,2
394856,8,"Miami, FL",msa,FL,2021-03-31,1845.4484798236929,,1816.806145356844,1778.9412107251978,3
394856,8,"Miami, FL",msa,FL,2021-04-30,1879.1603215801945,,1845.4484798236929,1794.3416692182986,4
394856,8,"Miami, FL",msa,FL,2021-05-31,1918.2159035343836,,1879.1603215801945,1816.806145356844,5
394856,8,"Miami, FL",msa,FL,2021-08-31,2095.149220400602,,,1918.2159035343836,8
394856,8,"Miami, FL",msa,FL,2021-09-30,2152.015820658597,,2095.149220400602,,9
394856,8,"Miami, FL",msa,FL,2021-10-31,2194.1645874823744,,2152.015820658597,,10
394856,8,"Miami, FL",msa,FL,2021-11-30,2238.2664114359177,,2194.1645874823744,2095.149220400602,11
394856,8,"Miami, FL",msa,FL,2021-12-31,2284.3791561228145,,2238.2664114359177,2152.015820658597,12
394856,8,"Miami, FL",msa,FL,2022-01-31,2325.7942784697807,,2284.3791561228145,2194.1645874823744,1
394856,8,"Miami, FL",msa,FL,2022-02-28,2358.617723865089,,2325.7942784697807,2238.2664114359177,2
394856,8,"Miami, FL",msa,FL,2022-03-31,2394.2050569844014,,2358.617723865089,2284.3791561228145,3
394856,8,"Miami, FL",msa,FL,2022-04-30,2434.3775692858826,,2394.2050569844014,2325.7942784697807,4
394856,8,"Miami, FL",msa,FL,2022-05-31,2473.4598830833106,,2434.3775692858826,2358.617723865089,5
394856,8,"Miami, FL",msa,FL,2022-06-30,2500.0065538139816,,2473.4598830833106,2394.2050569844014,6
394856,8,"Miami, FL",msa,FL,2022-07-31,2519.360830517187,,2500.0065538139816,2434.3775692858826,7
394856,8,"Miami, FL",msa,FL,2022-08-31,2527.12451084821,,2519.360830517187,2473.4598830833106,8
394856,8,"Miami, FL",msa,FL,2022-09-30,2534.62469059416,,2527.12451084821,2500.0065538139816,9
394856,8,"Miami, FL",msa,FL,2022-10-31,2537.136629589707,,2534.62469059416,2519.360830517187,10
394856,8,"Miami, FL",msa,FL,2022-11-30,2543.437670383343,,2537.136629589707,2527.12451084821,11
394856,8,"Miami, FL",msa,FL,2022-12-31,2546.4869353576046,,2543.437670383343,2534.62469059416,12
394856,8,"Miami, FL",msa,FL,2023-01-31,2548.310719211081,,2546.4869353576046,2537.136629589707,1
394856,8,"Miami, FL",msa,FL,2023-02-28,2550.35418986528,,2548.310719211081,2543.437670383343,2
394856,8,"Miami, FL",msa,FL,2023-03-31,2556.807419663721,,2550.35418986528,2546.4869353576046,3
394856,8,"Miami, FL",msa,FL,2023-04-30,2562.695232348216,,2556.807419663721,2548.310719211081,4
394856,8,"Miami, FL",msa,FL,2023-05-31,2569.167078857588,,2562.695232348216,2550.35418986528,5
394856,8,"Miami, FL",msa,FL,2023-06-30,2572.1977045498224,,2569.167078857588,2556.807419663721,6
394856,8,"Miami, FL",msa,FL,2023-07-31,2575.7852631233504,,2572.1977045498224,2562.695232348216,7
394856,8,"Miami, FL",msa,FL,2023-08-31,2579.309010716756,,2575.7852631233504,2569.167078857588,8
394856,8,"Miami, FL",msa,FL,2023-09-30,2583.215178688104,,2579.309010716756,2572.1977045498224,9
394856,8,"Miami, FL",msa,FL,2023-10-31,2590.5685261709878,,2583.215178688104,2575.7852631233504,10
394856,8,"Miami, FL",msa,FL,2023-11-30,2592.926854220626,,2590.5685261709878,2579.309010716756,11
394856,8,"Miami, FL",msa,FL,2023-12-31,2588.5333681190805,,2592.926854220626,2583.215178688104,12
394856,8,"Miami, FL",msa,FL,2024-01-31,2587.4209785345306,,2588.5333681190805,2590.5685261709878,1
394856,8,"Miami, FL",msa,FL,2024-02-29,2593.6446867671,,2587.4209785345306,2592.926854220626,2
394856,8,"Miami, FL",msa,FL,2024-03-31,2605.20734971035,,2593.6446867671,2588.5333681190805,3
394856,8,"Miami, FL",msa,FL,2024-04-30,2612.776352104615,,2605.20734971035,2587.4209785345306,4
394856,8,"Miami, FL",msa,FL,2024-05-31,2616.1920289069203,,2612.776352104615,2593.6446867671,5
394856,8,"Miami, FL",msa,FL,2024-06-30,2619.372742771516,,2616.1920289069203,2605.20734971035,6
394856,8,"Miami, FL",msa,FL,2024-07-31,2624.7349337310925,,2619.372742771516,2612.776352104615,7
394856,8,"Miami, FL",msa,FL,2024-08-31,2629.5264005131485,,2624.7349337310925,2616.1920289069203,8
394856,8,"Miami, FL",msa,FL,2024-09-30,2634.697369037044,,2629.5264005131485,2619.372742771516,9
394856,8,"Miami, FL",msa,FL,2024-10-31,2635.445541262529,,2634.697369037044,2624.7349337310925,10
394856,8,"Miami, FL",msa,FL,2024-11-30,2635.5888997682955,,2635.445541262529,2629.5264005131485,11
394856,8,"Miami, FL",msa,FL,2024-12-31,2635.3731135862963,,2635.5888997682955,2634.697369037044,12
394856,8,"Miami, FL",msa,FL,2025-01-31,2639.1372263854278,,2635.3731135862963,2635.445541262529,1
394856,8,"Miami, FL",msa,FL,2025-02-28,2645.2536727749607,,2639.1372263854278,2635.5888997682955,2
394856,8,"Miami, FL",msa,FL,2025-03-31,2653.1547661307504,,2645.2536727749607,2635.3731135862963,3
394856,8,"Miami, FL",msa,FL,2025-04-30,2656.79959466698,,2653.1547661307504,2639.1372263854278,4
394856,8,"Miami, FL",msa,FL,2025-05-31,2657.495027521671,,2656.79959466698,2645.2536727749607,5
394856,8,"Miami, FL",msa,FL,2025-06-30,2656.218397713392,,2657.495027521671,2653.1547661307504,6
394856,8,"Miami, FL",msa,FL,2025-07-31,2656.052192425872,,2656.218397713392,2656.79959466698,7
394856,8,"Miami, FL",msa,FL,2025-08-31,2656.1043739587208,,2656.052192425872,2657.495027521671,8
394856,8,"Miami, FL",msa,FL,2025-09-30,2654.890898173588,,2656.1043739587208,2656.218397713392,9
394856,8,"Miami, FL",msa,FL,2025-10-31,2653.6250961588457,,2654.890898173588,2656.052192425872,10
394856,8,"Miami, FL",msa,FL,2025-11-30,2652.6860600266014,,2653.6250961588457,2656.1043739587208,11
394856,8,"Miami, FL",msa,FL,2025-12-31,2651.68724900609,,2652.6860600266014,2654.890898173588,12
395148,18,"Tampa, FL",msa,FL,2015-01-31,1043.2594825717397,,,,1
395148,18,"Tampa, FL",msa,FL,2015-02-28,1046.7031564175702,,1043.2594825717397,,2
395148,18,"Tampa, FL",msa,FL,2015-03-31,1050.564108439853,,1046.7031564175702,,3
395148,18,"Tampa, FL",msa,FL,2015-04-30,1058.4372926597912,,1050.564108439853,1043.2594825717397,4
395148,18,"Tampa, FL",msa,FL,2015-05-31,1066.665175957679,,1058.4372926597912,1046.7031564175702,5
395148,18,"Tampa, FL",msa,FL,2015-06-30,1073.9142664165058,,1066.665175957679,1050.564108439853,6
395148,18,"Tampa, FL",msa,FL,2015-07-31,1078.9973236145524,,1073.9142664165058,1058.4372926597912,7
395148,18,"Tampa, FL",msa,FL,2015-08-31,1081.66572454234,,1078.9973236145524,1066.665175957679,8
395148,18,"Tampa, FL",msa,FL,2015-09-30,1084.390861156464,,1081.66572454234,1073.9142664165058,9
395148,18,"Tampa, FL",msa,FL,2015-10-31,1088.0792786676066,,1084.390861156464,1078.9973236145524,10
395148,18,"Tampa, FL",msa,FL,2015-11-30,1093.2034554826653,,1088.0792786676066,1081.66572454234,11
395148,18,"Tampa, FL",msa,FL,2015-12-31,1098.672457492568,,1093.2034554826653,1084.390861156464,12
395148,18,"Tampa, FL",msa,FL,2016-01-31,1102.7093103548918,,1098.672457492568,1088.0792786676066,1
395148,18,"Tampa, FL",msa,FL,2016-02-29,1106.9990895350022,,1102.7093103548918,1093.2034554826653,2
395148,18,"Tampa, FL",msa,FL,2016-03-31,1109.7006360372734,,1106.9990895350022,1098.672457492568,3
395148,18,"Tampa, FL",msa,FL,2016-04-30,1116.5545527842569,,1109.7006360372734,1102.7093103548918,4
395148,18,"Tampa, FL",msa,FL,2016-05-31,1120.8981404978513,,1116.5545527842569,1106.9990895350022,5
395148,18,"Tampa, FL",msa,FL,2016-06-30,1128.5094591711738,,1120.8981404978513,1109.7006360372734,6
395148,18,"Tampa, FL",msa,FL,2016-07-31,1130.2693363277592,,1128.5094591711738,1116.5545527842569,7
395148,18,"Tampa, FL",msa,FL,2016-08-31,1133.6748219870808,,1130.2693363277592,1120.8981404978513,8
395148,18,"Tampa, FL",msa,FL,2016-09-30,1137.099008665646,,1133.6748219870808,1128.5094591711738,9
395148,18,"Tampa, FL",msa,FL,2016-10-31,1142.023205715286,,1137.099008665646,1130.2693363277592,10
395148,18,"Tampa, FL",msa,FL,2016-11-30,1145.804469924035,,1142.023205715286,1133.6748219870808,11
395148,18,"Tampa, FL",msa,FL,2016-12-31,1146.8349579412836,,1145.804469924035,1137.099008665646,12
395148,18,"Tampa, FL",msa,FL,2017-01-31,1151.6067685154835,,1146.8349579412836,1142.023205715286,1
395148,18,"Tampa, FL",msa,FL,2017-02-28,1157.1506634111597,,1151.6067685154835,1145.804469924035,2
395148,18,"Tampa, FL",msa,FL,2017-03-31,1166.7661600949475,,1157.1506634111597,1146.8349579412836,3
395148,18,"Tampa, FL",msa,FL,2017-04-30,1176.064065846345,,1166.7661600949475,1151.6067685154835,4
395148,18,"Tampa, FL",msa,FL,2017-05-31,1185.5292675058547,,1176.064065846345,1157.1506634111597,5
395148,18,"Tampa, FL",msa,FL,2017-06-30,1192.838003305435,,1185.5292675058547,1166.7661600949475,6
395148,18,"Tampa, FL",msa,FL,2017-07-31,1195.2226278991484,,1192.838003305435,1176.064065846345,7
395148,18,"Tampa, FL",msa,FL,2017-08-31,1195.1472764182265,,1195.2226278991484,1185.5292675058547,8
395148,18,"Tampa, FL",msa,FL,2017-09-30,1195.01428551892,,1195.1472764182265,1192.838003305435,9
395148,18,"Tampa, FL",msa,FL,2017-10-31,1197.2213224873308,,1195.01428551892,1195.2226278991484,10
395148,18,"Tampa, FL",msa,FL,2017-11-30,1202.0287430320925,,1197.2213224873308,1195.1472764182265,11
395148,18,"Tampa, FL",msa,FL,2017-12-31,1208.0683292809083,,1202.0287430320925,1195.01428551892,12
395148,18,"Tampa, FL",msa,FL,2018-01-31,1214.2275924607488,,1208.0683292809083,1197.2213224873308,1
395148,18,"Tampa, FL",msa,FL,2018-02-28,1220.4031760610346,,1214.2275924607488,1202.0287430320925,2
395148,18,"Tampa, FL",msa,FL,2018-03-31,1227.1638320308225,,1220.4031760610346,1208.0683292809083,3
395148,18,"Tampa, FL",msa,FL,2018-04-30,1236.788844610151,,1227.1638320308225,1214.2275924607488,4
395148,18,"Tampa, FL",msa,FL,2018-05-31,1245.2564154128522,,1236.788844610151,1220.4031760610346,5
395148,18,"Tampa, FL",msa,FL,2018-06-30,1254.1014854715486,,1245.2564154128522,1227.1638320308225,6
395148,18,"Tampa, FL",msa,FL,2018-07-31,1258.4935114531838,,1254.1014854715486,1236.788844610151,7
395148,18,"Tampa, FL",msa,FL,2018-08-31,1263.0934444592456,,1258.4935114531838,1245.2564154128522,8
395148,18,"Tampa, FL",msa,FL,2018-09-30,1261.1590006394044,,1263.0934444592456,1254.1014854715486,9
395148,18,"Tampa, FL",msa,FL,2018-10-31,1263.1421370481974,,1261.1590006394044,1258.4935114531838,10
395148,18,"Tampa, FL",msa,FL,2018-11-30,1268.3591089935603,,1263.1421370481974,1263.0934444592456,11
395148,18,"Tampa, FL",msa,FL,2018-12-31,1272.7604617086038,,1268.3591089935603,1261.1590006394044,12
395148,18,"Tampa, FL",msa,FL,2019-01-31,1276.75755544367,,1272.7604617086038,1263.1421370481974,1
395148,18,"Tampa, FL",msa,FL,2019-02-28,1278.2548279350012,,1276.75755544367,1268.3591089935603,2
395148,18,"Tampa, FL",msa,FL,2019-03-31,1286.7102777238958,,1278.2548279350012,1272.7604617086038,3
395148,18,"Tampa, FL",msa,FL,2019-04-30,1295.8708635650285,,1286.7102777238958,1276.75755544367,4
395148,18,"Tampa, FL",msa,FL,2019-05-31,1305.206578381588,,1295.8708635650285,1278.2548279350012,5
395148,18,"Tampa, FL",msa,FL,2019-06-30,1312.354516706751,,1305.206578381588,1286.7102777238958,6
395148,18,"Tampa, FL",msa,FL,2019-07-31,1316.3482177414023,,1312.354516706751,1295.8708635650285,7
395148,18,"Tampa, FL",msa,FL,2019-08-31,1320.8885823521462,,1316.3482177414023,1305.206578381588,8
395148,18,"Tampa, FL",msa,FL,2019-09-30,1322.591733245994,,1320.8885823521462,1312.354516706751,9
395148,18,"Tampa, FL",msa,FL,2019-10-31,1324.4727549542235,,1322.591733245994,1316.3482177414023,10
395148,18,"Tampa, FL",msa,FL,2019-11-30,1323.8125960599796,,1324.4727549542235,1320.8885823521462,11
395148,18,"Tampa, FL",msa,FL,2019-12-31,1328.216511033514,,1323.8125960599796,1322.591733245994,12
395148,18,"Tampa, FL",msa,FL,2020-01-31,1332.3453671676416,,1328.216511033514,1324.4727549542235,1
395148,18,"Tampa, FL",msa,FL,2020-02-29,1338.2880267495411,,1332.3453671676416,1323.8125960599796,2
395148,18,"Tampa, FL",msa,FL,2020-03-31,1347.1631415060797,,1338.2880267495411,1328.216511033514,3
395148,18,"Tampa, FL",msa,FL,2020-04-30,1349.175116491812,,1347.1631415060797,1332.3453671676416,4
395148,18,"Tampa, FL",msa,FL,2020-05-31,1351.3739320340933,,1349.175116491812,1338.2880267495411,5
395148,18,"Tampa, FL",msa,FL,2020-06-30,1353.3107886702153,,1351.3739320340933,1347.1631415060797,6
395148,18,"Tampa, FL",msa,FL,2020-07-31,1367.5171494700842,,1353.3107886702153,1349.175116491812,7
395148,18,"Tampa, FL",msa,FL,2020-08-31,1382.6364190055133,,1367.5171494700842,1351.3739320340933,8
395148,18,"Tampa, FL",msa,FL,2020-09-30,1394.1279329469396,,1382.6364190055133,1353.3107886702153,9
395148,18,"Tampa, FL",msa,FL,2020-10-31,1402.3328939492442,,1394.1279329469396,1367.5171494700842,10
395148,18,"Tampa, FL",msa,FL,2020-11-30,1409.4826050423785,,1402.3328939492442,1382.6364190055133,11
395148,18,"Tampa, FL",msa,FL,2020-12-31,1419.1781848979167,,1409.4826050423785,1394.1279329469396,12
395148,18,"Tampa, FL",msa,FL,2021-01-31,1431.0740120753628,,1419.1781848979167,1402.3328939492442,1
395148,18,"Tampa, FL",msa,FL,2021-02-28,1447.2769588368462,,1431.0740120753628,1409.4826050423785,2
395148,18,"Tampa, FL",msa,FL,2021-03-31,1464.6371251082328,,1447.2769588368462,1419.1781848979167,3
395148,18,"Tampa, FL",msa,FL,2021-04-30,1490.434380200544,,1464.6371251082328,1431.0740120753628,4
395148,18,"Tampa, FL",msa,FL,2021-05-31,1526.727393940796,,1490.434380200544,1447.2769588368462,5
395148,18,"Tampa, FL",msa,FL,2021-06-30,1575.2669548063525,,1526.727393940796,1464.6371251082328,6
395148,18,"Tampa, FL",msa,FL,2021-07-31,1627.819349777042,,1575.2669548063525,1490.434380200544,7
395148,18,"Tampa, FL",msa,FL,2021-08-31,1682.3118503721396,,1627.819349777042,1526.727393940796,8
395148,18,"Tampa, FL",msa,FL,2021-09-30,1724.8950515502745,,1682.3118503721396,1575.2669548063525,9
395148,18,"Tampa, FL",msa,FL,2021-10-31,1753.8001809403834,,1724.8950515502745,1627.819349777042,10
395148,18,"Tampa, FL",msa,FL,2021-11-30,1767.8280801476176,,1753.8001809403834,1682.3118503721396,11
395148,18,"Tampa, FL",msa,FL,2021-12-31,1787.276628190953,,1767.8280801476176,1724.8950515502745,12
395148,18,"Tampa, FL",msa,FL,2022-01-31,1801.9443803597544,,1787.276628190953,1753.8001809403834,1
395148,18,"Tampa, FL",msa,FL,2022-02-28,1819.7835191104928,,1801.9443803597544,1767.8280801476176,2
395148,18,"Tampa, FL",msa,FL,2022-03-31,1834.87837305108,,1819.7835191104928,1787.276628190953,3
395148,18,"Tampa, FL",msa,FL,2022-04-30,1859.8125517178496,,1834.87837305108,1801.9443803597544,4
395148,18,"Tampa, FL",msa,FL,2022-05-31,1885.4088175486384,,1859.8125517178496,1819.7835191104928,5
395148,18,"Tampa, FL",msa,FL,2022-06-30,1909.250204947586,,1885.4088175486384,1834.87837305108,6
395148,18,"Tampa, FL",msa,FL,2022-07-31,1926.2378985313524,,1909.250204947586,1859.8125517178496,7
395148,18,"Tampa, FL",msa,FL,2022-08-31,1932.1128306398944,,1926.2378985313524,1885.4088175486384,8
395148,18,"Tampa, FL",msa,FL,2022-09-30,1928.014736785987,,1932.1128306398944,1909.250204947586,9
395148,18,"Tampa, FL",msa,FL,2022-10-31,1921.09490897894,,1928.014736785987,1926.2378985313524,10
395148,18,"Tampa, FL",msa,FL,2022-11-30,1920.0173323117008,,1921.09490897894,1932.1128306398944,11
395148,18,"Tampa, FL",msa,FL,2022-12-31,1920.7644960258908,,1920.0173323117008,1928.014736785987,12
395148,18,"Tampa, FL",msa,FL,2023-01-31,1924.881174528757,,1920.7644960258908,1921.09490897894,1
395148,18,"Tampa, FL",msa,FL,2023-02-28,1927.305953553276,,1924.881174528757,1920.0173323117008,2
395148,18,"Tampa, FL",msa,FL,2023-03-31,1940.754550536408,,1927.305953553276,1920.7644960258908,3
395148,18,"Tampa, FL",msa,FL,2023-04-30,1949.234143154304,,1940.754550536408,1924.881174528757,4
395148,18,"Tampa, FL",msa,FL,2023-05-31,1957.392367334338,,1949.234143154304,1927.305953553276,5
395148,18,"Tampa, FL",msa,FL,2023-06-30,1957.1911060545856,,1957.392367334338,1940.754550536408,6
395148,18,"Tampa, FL",msa,FL,2023-07-31,1962.382533280452,,1957.1911060545856,1949.234143154304,7
395148,18,"Tampa, FL",msa,FL,2023-08-31,1970.4893656706463,,1962.382533280452,1957.392367334338,8
395148,18,"Tampa, FL",msa,FL,2023-09-30,1972.032091118652,,1970.4893656706463,1957.1911060545856,9
395148,18,"Tampa, FL",msa,FL,2023-10-31,1970.165221596504,,1972.032091118652,1962.382533280452,10
395148,18,"Tampa, FL",msa,FL,2023-11-30,1964.1845096432012,,1970.165221596504,1970.4893656706463,11
395148,18,"Tampa, FL",msa,FL,2023-12-31,1962.330279859499,,1964.1845096432012,1972.032091118652,12
395148,18,"Tampa, FL",msa,FL,2024-01-31,1962.4946940148704,,1962.330279859499,1970.165221596504,1
395148,18,"Tampa, FL",msa,FL,2024-02-29,1964.823622965457,,1962.4946940148704,1964.1845096432012,2
395148,18,"Tampa, FL",msa,FL,2024-03-31,1970.5282220608672,,1964.823622965457,1962.330279859499,3
395148,18,"Tampa, FL",msa,FL,2024-04-30,1973.746442980524,,1970.5282220608672,1962.4946940148704,4
395148,18,"Tampa, FL",msa,FL,2024-05-31,1976.3848046363296,,1973.746442980524,1964.823622965457,5
395148,18,"Tampa, FL",msa,FL,2024-06-30,1977.3077434884367,,1976.3848046363296,1970.5282220608672,6
395148,18,"Tampa, FL",msa,FL,2024-07-31,1983.5110169349896,,1977.3077434884367,1973.746442980524,7
395148,18,"Tampa, FL",msa,FL,2024-08-31,1985.4752774658227,,1983.5110169349896,1976.3848046363296,8
395148,18,"Tampa, FL",msa,FL,2024-09-30,1985.7068019248677,,1985.4752774658227,1977.3077434884367,9
395148,18,"Tampa, FL",msa,FL,2024-10-31,1990.321405018737,,1985.7068019248677,1983.5110169349896,10
395148,18,"Tampa, FL",msa,FL,2024-11-30,2000.8327472604476,,1990.321405018737,1985.4752774658227,11
395148,18,"Tampa, FL",msa,FL,2024-12-31,2014.7596351285345,,2000.8327472604476,1985.7068019248677,12
395148,18,"Tampa, FL",msa,FL,2025-01-31,2024.9847220272811,,2014.7596351285345,1990.321405018737,1
395148,18,"Tampa, FL",msa,FL,2025-02-28,2036.7581658653237,,2024.9847220272811,2000.8327472604476,2
395148,18,"Tampa, FL",msa,FL,2025-03-31,2047.558086911128,,2036.7581658653237,2014.7596351285345,3
395148,18,"Tampa, FL",msa,FL,2025-04-30,2048.7819383877445,,2047.558086911128,2024.9847220272811,4
395148,18,"Tampa, FL",msa,FL,2025-05-31,2045.6295993563324,,2048.7819383877445,2036.7581658653237,5
395148,18,"Tampa, FL",msa,FL,2025-06-30,2040.435682992455,,2045.6295993563324,2047.558086911128,6
395148,18,"Tampa, FL",msa,FL,2025-07-31,2036.7596829424383,,2040.435682992455,2048.7819383877445,7
395148,18,"Tampa, FL",msa,FL,2025-08-31,2031.3967786618016,,2036.7596829424383,2045.6295993563324,8
395148,18,"Tampa, FL",msa,FL,2025-09-30,2022.2164084022936,,2031.3967786618016,2040.435682992455,9
395148,18,"Tampa, FL",msa,FL,2025-10-31,2013.4067508001344,,2022.2164084022936,2036.7596829424383,10
395148,18,"Tampa, FL",msa,FL,2025-11-30,2003.56972766648,,2013.4067508001344,2031.3967786618016,11
395148,18,"Tampa, FL",msa,FL,2025-12-31,1999.5000162325168,,2003.56972766648,2022.2164084022936,12
